This is pdfTeX, Version 3.141592653-2.6-1.40.29 (TeX Live 2026) (preloaded format=pdflatex 2026.8.10)  14 AUG 2026 03:04
entering extended mode
 restricted \write18 enabled.
 %&-line parsing enabled.
**vbfc_paper_full_cases.tex
(./vbfc_paper_full_cases.tex
LaTeX2e <2026-06-01>
L3 programming layer <2026-07-20>
(c:/texlive/texmf-dist/tex/latex/base/article.cls
Document Class: article 2025/01/22 v1.4n Standard LaTeX document class
(c:/texlive/texmf-dist/tex/latex/base/size11.clo
File: size11.clo 2025/01/22 v1.4n Standard LaTeX file (size option)
)
\c@part=\count276
\c@section=\count277
\c@subsection=\count278
\c@subsubsection=\count279
\c@paragraph=\count280
\c@subparagraph=\count281
\c@figure=\count282
\c@table=\count283
\abovecaptionskip=\skip49
\belowcaptionskip=\skip50
\bibindent=\dimen150
)
(c:/texlive/texmf-dist/tex/latex/base/inputenc.sty
Package: inputenc 2024/02/08 v1.3d Input encoding file
\inpenc@prehook=\toks17
\inpenc@posthook=\toks18
)
(c:/texlive/texmf-dist/tex/latex/base/fontenc.sty
Package: fontenc 2025/07/18 v2.1d Standard LaTeX package
)
(c:/texlive/texmf-dist/tex/latex/amsmath/amsmath.sty
Package: amsmath 2026/05/19 v2.18d AMS math features
\@mathmargin=\skip51

For additional information on amsmath, use the `?' option.
(c:/texlive/texmf-dist/tex/latex/amsmath/amstext.sty
Package: amstext 2024/11/17 v2.01 AMS text

(c:/texlive/texmf-dist/tex/latex/amsmath/amsgen.sty
File: amsgen.sty 1999/11/30 v2.0 generic functions
\@emptytoks=\toks19
\ex@=\dimen151
))
(c:/texlive/texmf-dist/tex/latex/amsmath/amsbsy.sty
Package: amsbsy 1999/11/29 v1.2d Bold Symbols
\pmbraise@=\dimen152
)
(c:/texlive/texmf-dist/tex/latex/amsmath/amsopn.sty
Package: amsopn 2022/04/08 v2.04 operator names
)
\inf@bad=\count284
LaTeX Info: Redefining \frac on input line 233.
\uproot@=\count285
\leftroot@=\count286
LaTeX Info: Redefining \overline on input line 398.
LaTeX Info: Redefining \colon on input line 409.
\classnum@=\count287
\DOTSCASE@=\count288
LaTeX Info: Redefining \ldots on input line 495.
LaTeX Info: Redefining \dots on input line 498.
LaTeX Info: Redefining \cdots on input line 619.
\Mathstrutbox@=\box53
\strutbox@=\box54
LaTeX Info: Redefining \big on input line 721.
LaTeX Info: Redefining \Big on input line 722.
LaTeX Info: Redefining \bigg on input line 723.
LaTeX Info: Redefining \Bigg on input line 724.
\big@size=\dimen153
LaTeX Font Info:    Redeclaring font encoding OML on input line 742.
LaTeX Font Info:    Redeclaring font encoding OMS on input line 743.
\macc@depth=\count289
LaTeX Info: Redefining \bmod on input line 904.
LaTeX Info: Redefining \pmod on input line 909.
LaTeX Info: Redefining \smash on input line 939.
LaTeX Info: Redefining \relbar on input line 969.
LaTeX Info: Redefining \Relbar on input line 970.
\c@MaxMatrixCols=\count290
\dotsspace@=\muskip17
\c@parentequation=\count291
\dspbrk@lvl=\count292
\tag@help=\toks20
\row@=\count293
\column@=\count294
\maxfields@=\count295
\andhelp@=\toks21
\eqnshift@=\dimen154
\alignsep@=\dimen155
\tagshift@=\dimen156
\tagwidth@=\dimen157
\totwidth@=\dimen158
\lineht@=\dimen159
\@envbody=\toks22
\multlinegap=\skip52
\multlinetaggap=\skip53
\mathdisplay@stack=\toks23
LaTeX Info: Redefining \[ on input line 2965.
LaTeX Info: Redefining \] on input line 2966.
)
(c:/texlive/texmf-dist/tex/latex/amsfonts/amssymb.sty
Package: amssymb 2013/01/14 v3.01 AMS font symbols

(c:/texlive/texmf-dist/tex/latex/amsfonts/amsfonts.sty
Package: amsfonts 2013/01/14 v3.01 Basic AMSFonts support
\symAMSa=\mathgroup4
\symAMSb=\mathgroup5
LaTeX Font Info:    Redeclaring math symbol \hbar on input line 98.
LaTeX Font Info:    Overwriting math alphabet `\mathfrak' in version `bold'
(Font)                  U/euf/m/n --> U/euf/b/n on input line 106.
))
(c:/texlive/texmf-dist/tex/latex/amscls/amsthm.sty
Package: amsthm 2020/05/29 v2.20.6
\thm@style=\toks24
\thm@bodyfont=\toks25
\thm@headfont=\toks26
\thm@notefont=\toks27
\thm@headpunct=\toks28
\thm@preskip=\skip54
\thm@postskip=\skip55
\thm@headsep=\skip56
\dth@everypar=\toks29
)
(c:/texlive/texmf-dist/tex/latex/mathtools/mathtools.sty
Package: mathtools 2024/10/04 v1.31 mathematical typesetting tools

(c:/texlive/texmf-dist/tex/latex/graphics/keyval.sty
Package: keyval 2026-05-17 v1.15 key=value parser (DPC)
\KV@toks@=\toks30
)
(c:/texlive/texmf-dist/tex/latex/tools/calc.sty
Package: calc 2025/03/01 v4.3b Infix arithmetic (KKT,FJ)
\calc@Acount=\count296
\calc@Bcount=\count297
\calc@Adimen=\dimen160
\calc@Bdimen=\dimen161
\calc@Askip=\skip57
\calc@Bskip=\skip58
LaTeX Info: Redefining \setlength on input line 86.
LaTeX Info: Redefining \addtolength on input line 87.
\calc@Ccount=\count298
\calc@Cskip=\skip59
)
(c:/texlive/texmf-dist/tex/latex/mathtools/mhsetup.sty
Package: mhsetup 2021/03/18 v1.4 programming setup (MH)
)
\g_MT_multlinerow_int=\count299
\l_MT_multwidth_dim=\dimen162
\origjot=\skip60
\l_MT_shortvdotswithinadjustabove_dim=\dimen163
\l_MT_shortvdotswithinadjustbelow_dim=\dimen164
\l_MT_above_intertext_sep=\dimen165
\l_MT_below_intertext_sep=\dimen166
\l_MT_above_shortintertext_sep=\dimen167
\l_MT_below_shortintertext_sep=\dimen168
\xmathstrut@box=\box55
\xmathstrut@dim=\dimen169
)
(c:/texlive/texmf-dist/tex/latex/graphics/graphicx.sty
Package: graphicx 2026-05-17 v1.2e Enhanced LaTeX Graphics (DPC,SPQR)

(c:/texlive/texmf-dist/tex/latex/graphics/graphics.sty
Package: graphics 2026-05-17 v1.4h Standard LaTeX Graphics (DPC,SPQR)

(c:/texlive/texmf-dist/tex/latex/graphics/trig.sty
Package: trig 2023/12/02 v1.11 sin cos tan (DPC)
)
(c:/texlive/texmf-dist/tex/latex/graphics-cfg/graphics.cfg
File: graphics.cfg 2016/06/04 v1.11 sample graphics configuration
)
Package graphics Info: Driver file: pdftex.def on input line 106.

(c:/texlive/texmf-dist/tex/latex/graphics-def/pdftex.def
File: pdftex.def 2025/09/29 v1.2d Graphics/color driver for pdftex
))
\Gin@req@height=\dimen170
\Gin@req@width=\dimen171
)
(c:/texlive/texmf-dist/tex/latex/booktabs/booktabs.sty
Package: booktabs 2020/01/12 v1.61803398 Publication quality tables
\heavyrulewidth=\dimen172
\lightrulewidth=\dimen173
\cmidrulewidth=\dimen174
\belowrulesep=\dimen175
\belowbottomsep=\dimen176
\aboverulesep=\dimen177
\abovetopsep=\dimen178
\cmidrulesep=\dimen179
\cmidrulekern=\dimen180
\defaultaddspace=\dimen181
\@cmidla=\count300
\@cmidlb=\count301
\@aboverulesep=\dimen182
\@belowrulesep=\dimen183
\@thisruleclass=\count302
\@lastruleclass=\count303
\@thisrulewidth=\dimen184
)
(c:/texlive/texmf-dist/tex/latex/tools/array.sty
Package: array 2026/02/24 v2.7b Tabular extension package (FMi)
\col@sep=\dimen185
\ar@mcellbox=\box56
\extrarowheight=\dimen186
\NC@list=\toks31
\extratabsurround=\skip61
\backup@length=\skip62
\ar@cellbox=\box57
)
(c:/texlive/texmf-dist/tex/latex/multirow/multirow.sty
Package: multirow 2024/11/12 v2.9 Span multiple rows of a table
\multirow@colwidth=\skip63
\multirow@cntb=\count304
\multirow@dima=\skip64
\bigstrutjot=\dimen187
)
(c:/texlive/texmf-dist/tex/latex/tools/multicol.sty
Package: multicol 2025/10/21 v2.0b multicolumn formatting (FMi)
\c@tracingmulticols=\count305
\mult@box=\box58
\multicol@leftmargin=\dimen188
\c@unbalance=\count306
\c@collectmore=\count307
\doublecol@number=\count308
\multicoltolerance=\count309
\multicolpretolerance=\count310
\full@width=\dimen189
\page@free=\dimen190
\premulticols=\dimen191
\postmulticols=\dimen192
\multicolsep=\skip65
\multicolbaselineskip=\skip66
\partial@page=\box59
\last@line=\box60
\mc@boxedresult=\box61
\maxbalancingoverflow=\dimen193
\mult@rightbox=\box62
\mult@grightbox=\box63
\mult@firstbox=\box64
\mult@gfirstbox=\box65
\@tempa=\box66
\@tempa=\box67
\@tempa=\box68
\@tempa=\box69
\@tempa=\box70
\@tempa=\box71
\@tempa=\box72
\@tempa=\box73
\@tempa=\box74
\@tempa=\box75
\@tempa=\box76
\@tempa=\box77
\@tempa=\box78
\@tempa=\box79
\@tempa=\box80
\@tempa=\box81
\@tempa=\box82
\@tempa=\box83
\@tempa=\box84
\@tempa=\box85
\@tempa=\box86
\@tempa=\box87
\@tempa=\box88
\@tempa=\box89
\@tempa=\box90
\@tempa=\box91
\@tempa=\box92
\@tempa=\box93
\@tempa=\box94
\@tempa=\box95
\@tempa=\box96
\@tempa=\box97
\@tempa=\box98
\@tempa=\box99
\@tempa=\box100
\@tempa=\box101
\c@minrows=\count311
\c@columnbadness=\count312
\c@finalcolumnbadness=\count313
\last@try=\dimen194
\multicolovershoot=\dimen195
\multicolundershoot=\dimen196
\mult@nat@firstbox=\box102
\colbreak@box=\box103
\mc@col@check@num=\count314
\g__mc_curr_col_int=\count315
)
(c:/texlive/texmf-dist/tex/latex/caption/caption.sty
Package: caption 2023/08/05 v3.6o Customizing captions (AR)

(c:/texlive/texmf-dist/tex/latex/caption/caption3.sty
Package: caption3 2023/07/31 v2.4d caption3 kernel (AR)
\caption@tempdima=\dimen197
\captionmargin=\dimen198
\caption@leftmargin=\dimen199
\caption@rightmargin=\dimen256
\caption@width=\dimen257
\caption@indent=\dimen258
\caption@parindent=\dimen259
\caption@hangindent=\dimen260
Package caption Info: Standard document class detected.
)
\c@caption@flags=\count316
\c@continuedfloat=\count317
)
(c:/texlive/texmf-dist/tex/latex/caption/subcaption.sty
Package: subcaption 2023/07/28 v1.6b Sub-captions (AR)
Package caption Info: New subtype `subfigure' on input line 238.
\c@subfigure=\count318
Package caption Info: New subtype `subtable' on input line 238.
\c@subtable=\count319
)
(c:/texlive/texmf-dist/tex/latex/float/float.sty
Package: float 2001/11/08 v1.3d Float enhancements (AL)
\c@float@type=\count320
\float@exts=\toks32
\float@box=\box104
\@float@everytoks=\toks33
\@floatcapt=\box105
)
(c:/texlive/texmf-dist/tex/latex/tools/longtable.sty
Package: longtable 2026-01-28 v4.27 Multi-page Table package (DPC)
\LTleft=\skip67
\LTright=\skip68
\LTpre=\skip69
\LTpost=\skip70
\LTchunksize=\count321
\LTcapwidth=\dimen261
\LT@head=\box106
\LT@firsthead=\box107
\LT@foot=\box108
\LT@lastfoot=\box109
\LT@gbox=\box110
\LT@cols=\count322
\LT@rows=\count323
\c@LT@tables=\count324
\c@LT@chunks=\count325
\LT@p@ftn=\toks34
)
(c:/texlive/texmf-dist/tex/latex/algorithms/algorithm.sty
Package: algorithm 2009/08/24 v0.1 Document Style `algorithm' - floating enviro
nment

(c:/texlive/texmf-dist/tex/latex/base/ifthen.sty
Package: ifthen 2024/03/16 v1.1e Standard LaTeX ifthen package (DPC)
)
\@float@every@algorithm=\toks35
\c@algorithm=\count326
)
(c:/texlive/texmf-dist/tex/latex/algorithmicx/algpseudocode.sty
Package: algpseudocode 

(c:/texlive/texmf-dist/tex/latex/algorithmicx/algorithmicx.sty
Package: algorithmicx 2005/04/27 v1.2 Algorithmicx

Document Style algorithmicx 1.2 - a greatly improved `algorithmic' style
\c@ALG@line=\count327
\c@ALG@rem=\count328
\c@ALG@nested=\count329
\ALG@tlm=\skip71
\ALG@thistlm=\skip72
\c@ALG@Lnr=\count330
\c@ALG@blocknr=\count331
\c@ALG@storecount=\count332
\c@ALG@tmpcounter=\count333
\ALG@tmplength=\skip73
)
Document Style - pseudocode environments for use with the `algorithmicx' style
) (c:/texlive/texmf-dist/tex/latex/siunitx/siunitx.sty
Package: siunitx 2026-05-15 v3.5.5 A comprehensive (SI) units package
\l__siunitx_number_uncert_offset_int=\count334
\l__siunitx_number_exponent_fixed_int=\count335
\l__siunitx_number_min_decimal_int=\count336
\l__siunitx_number_min_integer_int=\count337
\l__siunitx_number_round_precision_int=\count338
\l__siunitx_number_lower_threshold_int=\count339
\l__siunitx_number_upper_threshold_int=\count340
\l__siunitx_number_group_first_int=\count341
\l__siunitx_number_group_size_int=\count342
\l__siunitx_number_group_min_int=\count343
\l__siunitx_number_group_minimum_int=\count344
\l__siunitx_compound_count_int=\count345
\l__siunitx_table_tmp_box=\box111
\l__siunitx_table_tmp_dim=\dimen262
\l__siunitx_table_column_width_dim=\dimen263
\l__siunitx_table_integer_box=\box112
\l__siunitx_table_decimal_box=\box113
\l__siunitx_table_uncert_box=\box114
\l__siunitx_table_before_box=\box115
\l__siunitx_table_after_box=\box116
\l__siunitx_table_before_dim=\dimen264
\l__siunitx_table_carry_dim=\dimen265
\l__siunitx_unit_tmp_int=\count346
\l__siunitx_unit_position_int=\count347
\l__siunitx_unit_total_int=\count348
\l__siunitx_sexagesimal_tmp_dim=\dimen266
\l__siunitx_sexagesimal_marker_box=\box117
\l__siunitx_sexagesimal_unit_box=\box118
)
(c:/texlive/texmf-dist/tex/latex/tools/xspace.sty
Package: xspace 2014/10/28 v1.13 Space after command names (DPC,MH)
)
(c:/texlive/texmf-dist/tex/latex/url/url.sty
\Urlmuskip=\muskip18
Package: url 2013/09/16  ver 3.4  Verb mode for urls, etc.
)
(c:/texlive/texmf-dist/tex/latex/hyperref/hyperref.sty
Package: hyperref 2026-06-17 v7.01r Hypertext links for LaTeX

(c:/texlive/texmf-dist/tex/generic/iftex/iftex.sty
Package: iftex 2024/12/12 v1.0g TeX engine tests
)
(c:/texlive/texmf-dist/tex/latex/kvsetkeys/kvsetkeys.sty
Package: kvsetkeys 2022-10-05 v1.19 Key value parser (HO)
)
(c:/texlive/texmf-dist/tex/generic/kvdefinekeys/kvdefinekeys.sty
Package: kvdefinekeys 2019-12-19 v1.6 Define keys (HO)
)
(c:/texlive/texmf-dist/tex/generic/pdfescape/pdfescape.sty
Package: pdfescape 2019/12/09 v1.15 Implements pdfTeX's escape features (HO)

(c:/texlive/texmf-dist/tex/generic/ltxcmds/ltxcmds.sty
Package: ltxcmds 2023-12-04 v1.26 LaTeX kernel commands for general use (HO)
)
(c:/texlive/texmf-dist/tex/generic/pdftexcmds/pdftexcmds.sty
Package: pdftexcmds 2020-06-27 v0.33 Utility functions of pdfTeX for LuaTeX (HO
)

(c:/texlive/texmf-dist/tex/generic/infwarerr/infwarerr.sty
Package: infwarerr 2019/12/03 v1.5 Providing info/warning/error messages (HO)
)
Package pdftexcmds Info: \pdf@primitive is available.
Package pdftexcmds Info: \pdf@ifprimitive is available.
Package pdftexcmds Info: \pdfdraftmode found.
))
(c:/texlive/texmf-dist/tex/latex/hycolor/hycolor.sty
Package: hycolor 2020-01-27 v1.10 Color options for hyperref/bookmark (HO)
)
(c:/texlive/texmf-dist/tex/latex/hyperref/nameref.sty
Package: nameref 2026-01-29 v2.58 Cross-referencing by name of section

(c:/texlive/texmf-dist/tex/latex/refcount/refcount.sty
Package: refcount 2019/12/15 v3.6 Data extraction from label references (HO)
)
(c:/texlive/texmf-dist/tex/generic/gettitlestring/gettitlestring.sty
Package: gettitlestring 2019/12/15 v1.6 Cleanup title references (HO)

(c:/texlive/texmf-dist/tex/latex/kvoptions/kvoptions.sty
Package: kvoptions 2022-06-15 v3.15 Key value format for package options (HO)
))
\c@section@level=\count349
)
(c:/texlive/texmf-dist/tex/latex/etoolbox/etoolbox.sty
Package: etoolbox 2025/10/02 v2.5m e-TeX tools for LaTeX (JAW)
\etb@tempcnta=\count350
)
(c:/texlive/texmf-dist/tex/generic/stringenc/stringenc.sty
Package: stringenc 2019/11/29 v1.12 Convert strings between diff. encodings (HO
)
)
\@linkdim=\dimen267
\Hy@linkcounter=\count351
\Hy@pagecounter=\count352

(c:/texlive/texmf-dist/tex/latex/hyperref/pd1enc.def
File: pd1enc.def 2026-06-17 v7.01r Hyperref: PDFDocEncoding definition (HO)
Now handling font encoding PD1 ...
... no UTF-8 mapping file for font encoding PD1
)
(c:/texlive/texmf-dist/tex/generic/intcalc/intcalc.sty
Package: intcalc 2019/12/15 v1.3 Expandable calculations with integers (HO)
)
\Hy@SavedSpaceFactor=\count353

(c:/texlive/texmf-dist/tex/latex/hyperref/puenc.def
File: puenc.def 2026-06-17 v7.01r Hyperref: PDF Unicode definition (HO)
Now handling font encoding PU ...
... no UTF-8 mapping file for font encoding PU
)
Package hyperref Info: Hyper figures OFF on input line 4199.
Package hyperref Info: Link nesting OFF on input line 4204.
Package hyperref Info: Hyper index ON on input line 4207.
Package hyperref Info: Plain pages OFF on input line 4214.
Package hyperref Info: Backreferencing OFF on input line 4219.
Package hyperref Info: Implicit mode ON; LaTeX internals redefined.
Package hyperref Info: Bookmarks ON on input line 4466.
\c@Hy@tempcnt=\count354
LaTeX Info: Redefining \url on input line 4805.
\XeTeXLinkMargin=\dimen268

(c:/texlive/texmf-dist/tex/generic/bitset/bitset.sty
Package: bitset 2019/12/09 v1.3 Handle bit-vector datatype (HO)

(c:/texlive/texmf-dist/tex/generic/bigintcalc/bigintcalc.sty
Package: bigintcalc 2019/12/15 v1.5 Expandable calculations on big integers (HO
)
))
\Fld@menulength=\count355
\Field@Width=\dimen269
\Fld@charsize=\dimen270
Package hyperref Info: Hyper figures OFF on input line 6091.
Package hyperref Info: Link nesting OFF on input line 6096.
Package hyperref Info: Hyper index ON on input line 6099.
Package hyperref Info: backreferencing OFF on input line 6106.
Package hyperref Info: Link coloring OFF on input line 6111.
Package hyperref Info: Link coloring with OCG OFF on input line 6116.
Package hyperref Info: PDF/A mode OFF on input line 6121.
\Hy@abspage=\count356
\c@Item=\count357
\c@Hfootnote=\count358
)
Package hyperref Info: Driver (autodetected): hpdftex.

(c:/texlive/texmf-dist/tex/latex/hyperref/hpdftex.def
File: hpdftex.def 2026-06-17 v7.01r Hyperref driver for pdfTeX
\Fld@listcount=\count359
\c@bookmark@seq@number=\count360

(c:/texlive/texmf-dist/tex/latex/rerunfilecheck/rerunfilecheck.sty
Package: rerunfilecheck 2025-06-21 v1.11 Rerun checks for auxiliary files (HO)

(c:/texlive/texmf-dist/tex/generic/uniquecounter/uniquecounter.sty
Package: uniquecounter 2019/12/15 v1.4 Provide unlimited unique counter (HO)
)
Package uniquecounter Info: New unique counter `rerunfilecheck' on input line 2
84.
)
\Hy@SectionHShift=\skip74
)
(c:/texlive/texmf-dist/tex/latex/cleveref/cleveref.sty
Package: cleveref 2018/03/27 v0.21.4 Intelligent cross-referencing
Package cleveref Info: `hyperref' support loaded on input line 2370.
LaTeX Info: Redefining \cref on input line 2370.
LaTeX Info: Redefining \Cref on input line 2370.
LaTeX Info: Redefining \crefrange on input line 2370.
LaTeX Info: Redefining \Crefrange on input line 2370.
LaTeX Info: Redefining \cpageref on input line 2370.
LaTeX Info: Redefining \Cpageref on input line 2370.
LaTeX Info: Redefining \cpagerefrange on input line 2370.
LaTeX Info: Redefining \Cpagerefrange on input line 2370.
LaTeX Info: Redefining \labelcref on input line 2370.
LaTeX Info: Redefining \labelcpageref on input line 2370.
Package cleveref Info: `amsthm' support loaded on input line 3026.
Package cleveref Info: `algorithmicx' support loaded on input line 3120.
)
==> First Aid for cleveref.sty applied!
(c:/texlive/texmf-dist/tex/latex/listings/listings.sty
\lst@mode=\count361
\lst@gtempboxa=\box119
\lst@token=\toks36
\lst@length=\count362
\lst@currlwidth=\dimen271
\lst@column=\count363
\lst@pos=\count364
\lst@lostspace=\dimen272
\lst@width=\dimen273
\lst@newlines=\count365
\lst@lineno=\count366
\lst@maxwidth=\dimen274

(c:/texlive/texmf-dist/tex/latex/listings/lstpatch.sty
File: lstpatch.sty 2025/11/14 1.11b (Carsten Heinz)
)
(c:/texlive/texmf-dist/tex/latex/listings/lstmisc.sty
File: lstmisc.sty 2025/11/14 1.11b (Carsten Heinz)
\c@lstnumber=\count367
\lst@skipnumbers=\count368
\lst@framebox=\box120
)
(c:/texlive/texmf-dist/tex/latex/listings/listings.cfg
File: listings.cfg 2025/11/14 1.11b listings configuration
))
Package: listings 2025/11/14 1.11b (Carsten Heinz)

(c:/texlive/texmf-dist/tex/latex/xcolor/xcolor.sty
Package: xcolor 2024/09/29 v3.02 LaTeX color extensions (UK)

(c:/texlive/texmf-dist/tex/latex/graphics-cfg/color.cfg
File: color.cfg 2016/01/02 v1.6 sample color configuration
)
Package xcolor Info: Driver file: pdftex.def on input line 274.

(c:/texlive/texmf-dist/tex/latex/graphics/mathcolor.ltx)
Package xcolor Info: Model `cmy' substituted by `cmy0' on input line 1349.
Package xcolor Info: Model `hsb' substituted by `rgb' on input line 1353.
Package xcolor Info: Model `RGB' extended on input line 1365.
Package xcolor Info: Model `HTML' substituted by `rgb' on input line 1367.
Package xcolor Info: Model `Hsb' substituted by `hsb' on input line 1368.
Package xcolor Info: Model `tHsb' substituted by `hsb' on input line 1369.
Package xcolor Info: Model `HSB' substituted by `hsb' on input line 1370.
Package xcolor Info: Model `Gray' substituted by `gray' on input line 1371.
Package xcolor Info: Model `wave' substituted by `hsb' on input line 1372.
)
(c:/texlive/texmf-dist/tex/latex/pgf/frontendlayer/tikz.sty
(c:/texlive/texmf-dist/tex/latex/pgf/basiclayer/pgf.sty
(c:/texlive/texmf-dist/tex/latex/pgf/utilities/pgfrcs.sty
(c:/texlive/texmf-dist/tex/generic/pgf/utilities/pgfutil-common.tex
\pgfutil@everybye=\toks37
\pgfutil@tempdima=\dimen275
\pgfutil@tempdimb=\dimen276
)
(c:/texlive/texmf-dist/tex/generic/pgf/utilities/pgfutil-latex.def
\pgfutil@abb=\box121
)
(c:/texlive/texmf-dist/tex/generic/pgf/utilities/pgfrcs.code.tex
(c:/texlive/texmf-dist/tex/generic/pgf/pgf.revision.tex)
Package: pgfrcs 2026-08-01 v3.1.12 (3.1.12)
))
Package: pgf 2026-08-01 v3.1.12 (3.1.12)

(c:/texlive/texmf-dist/tex/latex/pgf/basiclayer/pgfcore.sty
(c:/texlive/texmf-dist/tex/latex/pgf/systemlayer/pgfsys.sty
(c:/texlive/texmf-dist/tex/generic/pgf/systemlayer/pgfsys.code.tex
Package: pgfsys 2026-08-01 v3.1.12 (3.1.12)

(c:/texlive/texmf-dist/tex/generic/pgf/utilities/pgfkeys.code.tex
\pgfkeys@pathtoks=\toks38
\pgfkeys@temptoks=\toks39

(c:/texlive/texmf-dist/tex/generic/pgf/utilities/pgfkeyslibraryfiltered.code.te
x
\pgfkeys@tmptoks=\toks40
))
\pgf@x=\dimen277
\pgf@y=\dimen278
\pgf@xa=\dimen279
\pgf@ya=\dimen280
\pgf@xb=\dimen281
\pgf@yb=\dimen282
\pgf@xc=\dimen283
\pgf@yc=\dimen284
\pgf@xd=\dimen285
\pgf@yd=\dimen286
\w@pgf@writea=\write3
\r@pgf@reada=\read2
\c@pgf@counta=\count369
\c@pgf@countb=\count370
\c@pgf@countc=\count371
\c@pgf@countd=\count372
\t@pgf@toka=\toks41
\t@pgf@tokb=\toks42
\t@pgf@tokc=\toks43
\pgf@sys@id@count=\count373
 (c:/texlive/texmf-dist/tex/generic/pgf/systemlayer/pgf.cfg
File: pgf.cfg 2026-08-01 v3.1.12 (3.1.12)
)
Driver file for pgf: pgfsys-pdftex.def

(c:/texlive/texmf-dist/tex/generic/pgf/systemlayer/pgfsys-pdftex.def
File: pgfsys-pdftex.def 2026-08-01 v3.1.12 (3.1.12)

(c:/texlive/texmf-dist/tex/generic/pgf/systemlayer/pgfsys-common-pdf.def
File: pgfsys-common-pdf.def 2026-08-01 v3.1.12 (3.1.12)
)))
(c:/texlive/texmf-dist/tex/generic/pgf/systemlayer/pgfsyssoftpath.code.tex
File: pgfsyssoftpath.code.tex 2026-08-01 v3.1.12 (3.1.12)
\pgfsyssoftpath@smallbuffer@items=\count374
\pgfsyssoftpath@bigbuffer@items=\count375
)
(c:/texlive/texmf-dist/tex/generic/pgf/systemlayer/pgfsysprotocol.code.tex
File: pgfsysprotocol.code.tex 2026-08-01 v3.1.12 (3.1.12)
))
(c:/texlive/texmf-dist/tex/generic/pgf/basiclayer/pgfcore.code.tex
Package: pgfcore 2026-08-01 v3.1.12 (3.1.12)

(c:/texlive/texmf-dist/tex/generic/pgf/math/pgfmath.code.tex
(c:/texlive/texmf-dist/tex/generic/pgf/math/pgfmathutil.code.tex)
(c:/texlive/texmf-dist/tex/generic/pgf/math/pgfmathparser.code.tex
\pgfmath@dimen=\dimen287
\pgfmath@count=\count376
\pgfmath@box=\box122
\pgfmath@toks=\toks44
\pgfmath@stack@operand=\toks45
\pgfmath@stack@operation=\toks46
)
(c:/texlive/texmf-dist/tex/generic/pgf/math/pgfmathfunctions.code.tex)
(c:/texlive/texmf-dist/tex/generic/pgf/math/pgfmathfunctions.basic.code.tex)
(c:/texlive/texmf-dist/tex/generic/pgf/math/pgfmathfunctions.trigonometric.code
.tex)
(c:/texlive/texmf-dist/tex/generic/pgf/math/pgfmathfunctions.random.code.tex)
(c:/texlive/texmf-dist/tex/generic/pgf/math/pgfmathfunctions.comparison.code.te
x) (c:/texlive/texmf-dist/tex/generic/pgf/math/pgfmathfunctions.base.code.tex)
(c:/texlive/texmf-dist/tex/generic/pgf/math/pgfmathfunctions.round.code.tex)
(c:/texlive/texmf-dist/tex/generic/pgf/math/pgfmathfunctions.misc.code.tex)
(c:/texlive/texmf-dist/tex/generic/pgf/math/pgfmathfunctions.integerarithmetics
.code.tex) (c:/texlive/texmf-dist/tex/generic/pgf/math/pgfmathcalc.code.tex)
(c:/texlive/texmf-dist/tex/generic/pgf/math/pgfmathfloat.code.tex
\c@pgfmathroundto@lastzeros=\count377
))
(c:/texlive/texmf-dist/tex/generic/pgf/math/pgfint.code.tex)
(c:/texlive/texmf-dist/tex/generic/pgf/basiclayer/pgfcorepoints.code.tex
File: pgfcorepoints.code.tex 2026-08-01 v3.1.12 (3.1.12)
\pgf@picminx=\dimen288
\pgf@picmaxx=\dimen289
\pgf@picminy=\dimen290
\pgf@picmaxy=\dimen291
\pgf@pathminx=\dimen292
\pgf@pathmaxx=\dimen293
\pgf@pathminy=\dimen294
\pgf@pathmaxy=\dimen295
\pgf@xx=\dimen296
\pgf@xy=\dimen297
\pgf@yx=\dimen298
\pgf@yy=\dimen299
\pgf@zx=\dimen300
\pgf@zy=\dimen301
)
(c:/texlive/texmf-dist/tex/generic/pgf/basiclayer/pgfcorepathconstruct.code.tex
File: pgfcorepathconstruct.code.tex 2026-08-01 v3.1.12 (3.1.12)
\pgf@path@lastx=\dimen302
\pgf@path@lasty=\dimen303
) (c:/texlive/texmf-dist/tex/generic/pgf/basiclayer/pgfcorepathusage.code.tex
File: pgfcorepathusage.code.tex 2026-08-01 v3.1.12 (3.1.12)
\pgf@shorten@end@additional=\dimen304
\pgf@shorten@start@additional=\dimen305
)
(c:/texlive/texmf-dist/tex/generic/pgf/basiclayer/pgfcorescopes.code.tex
File: pgfcorescopes.code.tex 2026-08-01 v3.1.12 (3.1.12)
\pgfpic=\box123
\pgf@hbox=\box124
\pgf@layerbox@main=\box125
\pgf@picture@serial@count=\count378
)
(c:/texlive/texmf-dist/tex/generic/pgf/basiclayer/pgfcoregraphicstate.code.tex
File: pgfcoregraphicstate.code.tex 2026-08-01 v3.1.12 (3.1.12)
\pgflinewidth=\dimen306
)
(c:/texlive/texmf-dist/tex/generic/pgf/basiclayer/pgfcoretransformations.code.t
ex
File: pgfcoretransformations.code.tex 2026-08-01 v3.1.12 (3.1.12)
\pgf@pt@x=\dimen307
\pgf@pt@y=\dimen308
\pgf@pt@temp=\dimen309
) (c:/texlive/texmf-dist/tex/generic/pgf/basiclayer/pgfcorequick.code.tex
File: pgfcorequick.code.tex 2026-08-01 v3.1.12 (3.1.12)
)
(c:/texlive/texmf-dist/tex/generic/pgf/basiclayer/pgfcoreobjects.code.tex
File: pgfcoreobjects.code.tex 2026-08-01 v3.1.12 (3.1.12)
)
(c:/texlive/texmf-dist/tex/generic/pgf/basiclayer/pgfcorepathprocessing.code.te
x
File: pgfcorepathprocessing.code.tex 2026-08-01 v3.1.12 (3.1.12)
) (c:/texlive/texmf-dist/tex/generic/pgf/basiclayer/pgfcorearrows.code.tex
File: pgfcorearrows.code.tex 2026-08-01 v3.1.12 (3.1.12)
\pgfarrowsep=\dimen310
)
(c:/texlive/texmf-dist/tex/generic/pgf/basiclayer/pgfcoreshade.code.tex
File: pgfcoreshade.code.tex 2026-08-01 v3.1.12 (3.1.12)
\pgf@max=\dimen311
\pgf@sys@shading@range@num=\count379
\pgf@shadingcount=\count380
)
(c:/texlive/texmf-dist/tex/generic/pgf/basiclayer/pgfcoreimage.code.tex
File: pgfcoreimage.code.tex 2026-08-01 v3.1.12 (3.1.12)
)
(c:/texlive/texmf-dist/tex/generic/pgf/basiclayer/pgfcoreexternal.code.tex
File: pgfcoreexternal.code.tex 2026-08-01 v3.1.12 (3.1.12)
\pgfexternal@startupbox=\box126
)
(c:/texlive/texmf-dist/tex/generic/pgf/basiclayer/pgfcorelayers.code.tex
File: pgfcorelayers.code.tex 2026-08-01 v3.1.12 (3.1.12)
)
(c:/texlive/texmf-dist/tex/generic/pgf/basiclayer/pgfcoretransparency.code.tex
File: pgfcoretransparency.code.tex 2026-08-01 v3.1.12 (3.1.12)
) (c:/texlive/texmf-dist/tex/generic/pgf/basiclayer/pgfcorepatterns.code.tex
File: pgfcorepatterns.code.tex 2026-08-01 v3.1.12 (3.1.12)
)
(c:/texlive/texmf-dist/tex/generic/pgf/basiclayer/pgfcorerdf.code.tex
File: pgfcorerdf.code.tex 2026-08-01 v3.1.12 (3.1.12)
)))
(c:/texlive/texmf-dist/tex/generic/pgf/modules/pgfmoduleshapes.code.tex
File: pgfmoduleshapes.code.tex 2026-08-01 v3.1.12 (3.1.12)
\pgfnodeparttextbox=\box127
)
(c:/texlive/texmf-dist/tex/generic/pgf/modules/pgfmoduleplot.code.tex
File: pgfmoduleplot.code.tex 2026-08-01 v3.1.12 (3.1.12)
)
(c:/texlive/texmf-dist/tex/latex/pgf/compatibility/pgfcomp-version-0-65.sty
Package: pgfcomp-version-0-65 2026-08-01 v3.1.12 (3.1.12)
\pgf@nodesepstart=\dimen312
\pgf@nodesepend=\dimen313
)
(c:/texlive/texmf-dist/tex/latex/pgf/compatibility/pgfcomp-version-1-18.sty
Package: pgfcomp-version-1-18 2026-08-01 v3.1.12 (3.1.12)
))
(c:/texlive/texmf-dist/tex/latex/pgf/utilities/pgffor.sty
(c:/texlive/texmf-dist/tex/latex/pgf/utilities/pgfkeys.sty
(c:/texlive/texmf-dist/tex/generic/pgf/utilities/pgfkeys.code.tex))
(c:/texlive/texmf-dist/tex/latex/pgf/math/pgfmath.sty
(c:/texlive/texmf-dist/tex/generic/pgf/math/pgfmath.code.tex))
(c:/texlive/texmf-dist/tex/generic/pgf/utilities/pgffor.code.tex
Package: pgffor 2026-08-01 v3.1.12 (3.1.12)
\pgffor@iter=\dimen314
\pgffor@skip=\dimen315
\pgffor@stack=\toks47
\pgffor@toks=\toks48
))
(c:/texlive/texmf-dist/tex/generic/pgf/frontendlayer/tikz/tikz.code.tex
Package: tikz 2026-08-01 v3.1.12 (3.1.12)

(c:/texlive/texmf-dist/tex/generic/pgf/libraries/pgflibraryplothandlers.code.te
x
File: pgflibraryplothandlers.code.tex 2026-08-01 v3.1.12 (3.1.12)
\pgf@plot@mark@count=\count381
\pgfplotmarksize=\dimen316
)
\tikz@lastx=\dimen317
\tikz@lasty=\dimen318
\tikz@lastxsaved=\dimen319
\tikz@lastysaved=\dimen320
\tikz@lastmovetox=\dimen321
\tikz@lastmovetoy=\dimen322
\tikzleveldistance=\dimen323
\tikzsiblingdistance=\dimen324
\tikz@figbox=\box128
\tikz@figbox@bg=\box129
\tikz@tempbox=\box130
\tikz@tempbox@bg=\box131
\tikztreelevel=\count382
\tikznumberofchildren=\count383
\tikznumberofcurrentchild=\count384
\tikz@fig@count=\count385
 (c:/texlive/texmf-dist/tex/generic/pgf/modules/pgfmodulematrix.code.tex
File: pgfmodulematrix.code.tex 2026-08-01 v3.1.12 (3.1.12)
\pgfmatrixcurrentrow=\count386
\pgfmatrixcurrentcolumn=\count387
\pgf@matrix@numberofcolumns=\count388
)
\tikz@expandcount=\count389

(c:/texlive/texmf-dist/tex/generic/pgf/frontendlayer/tikz/libraries/tikzlibrary
topaths.code.tex
File: tikzlibrarytopaths.code.tex 2026-08-01 v3.1.12 (3.1.12)
))) (c:/texlive/texmf-dist/tex/latex/pgfplots/pgfplots.sty
(c:/texlive/texmf-dist/tex/generic/pgfplots/pgfplots.revision.tex)
Package: pgfplots 2025/08/14 v1.18.2 Data Visualization (1.18.2)

(c:/texlive/texmf-dist/tex/generic/pgfplots/pgfplots.code.tex
(c:/texlive/texmf-dist/tex/generic/pgfplots/pgfplotscore.code.tex
\t@pgfplots@toka=\toks49
\t@pgfplots@tokb=\toks50
\t@pgfplots@tokc=\toks51
\pgfplots@tmpa=\dimen325
\c@pgfplots@coordindex=\count390
\c@pgfplots@scanlineindex=\count391

(c:/texlive/texmf-dist/tex/generic/pgfplots/sys/pgfplotssysgeneric.code.tex))
(c:/texlive/texmf-dist/tex/generic/pgfplots/libs/pgfplotslibrary.code.tex)
(c:/texlive/texmf-dist/tex/generic/pgfplots/oldpgfcompatib/pgfplotsoldpgfsupp_l
oader.code.tex
(c:/texlive/texmf-dist/tex/generic/pgf/libraries/pgflibraryfpu.code.tex)
(c:/texlive/texmf-dist/tex/generic/pgfplots/oldpgfcompatib/pgfplotsoldpgfsupp_p
gfutil-common-lists.tex))
(c:/texlive/texmf-dist/tex/generic/pgfplots/util/pgfplotsutil.code.tex
(c:/texlive/texmf-dist/tex/generic/pgfplots/liststructure/pgfplotsliststructure
.code.tex)
(c:/texlive/texmf-dist/tex/generic/pgfplots/liststructure/pgfplotsliststructure
ext.code.tex)
(c:/texlive/texmf-dist/tex/generic/pgfplots/liststructure/pgfplotsarray.code.te
x
\c@pgfplotsarray@tmp=\count392
)
(c:/texlive/texmf-dist/tex/generic/pgfplots/liststructure/pgfplotsmatrix.code.t
ex)
(c:/texlive/texmf-dist/tex/generic/pgfplots/numtable/pgfplotstableshared.code.t
ex
\c@pgfplotstable@counta=\count393
\t@pgfplotstable@a=\toks52
)
(c:/texlive/texmf-dist/tex/generic/pgfplots/liststructure/pgfplotsdeque.code.te
x) (c:/texlive/texmf-dist/tex/generic/pgfplots/util/pgfplotsbinary.code.tex
(c:/texlive/texmf-dist/tex/generic/pgfplots/util/pgfplotsbinary.data.code.tex))
(c:/texlive/texmf-dist/tex/generic/pgfplots/util/pgfplotsutil.verb.code.tex)
(c:/texlive/texmf-dist/tex/generic/pgfplots/libs/pgflibrarypgfplots.surfshading
.code.tex
\c@pgfplotslibrarysurf@no=\count394

(c:/texlive/texmf-dist/tex/generic/pgfplots/sys/pgflibrarypgfplots.surfshading.
pgfsys-pdftex.def)))
(c:/texlive/texmf-dist/tex/generic/pgfplots/util/pgfplotscolormap.code.tex
(c:/texlive/texmf-dist/tex/generic/pgfplots/util/pgfplotscolor.code.tex))
(c:/texlive/texmf-dist/tex/generic/pgfplots/pgfplotsstackedplots.code.tex)
(c:/texlive/texmf-dist/tex/generic/pgfplots/pgfplotsplothandlers.code.tex
(c:/texlive/texmf-dist/tex/generic/pgfplots/pgfplotsmeshplothandler.code.tex
(c:/texlive/texmf-dist/tex/generic/pgfplots/pgfplotsmeshplotimage.code.tex)))
(c:/texlive/texmf-dist/tex/generic/pgfplots/pgfplots.scaling.code.tex)
(c:/texlive/texmf-dist/tex/generic/pgfplots/pgfplotscoordprocessing.code.tex)
(c:/texlive/texmf-dist/tex/generic/pgfplots/pgfplots.errorbars.code.tex)
(c:/texlive/texmf-dist/tex/generic/pgfplots/pgfplots.markers.code.tex)
(c:/texlive/texmf-dist/tex/generic/pgfplots/pgfplotsticks.code.tex)
(c:/texlive/texmf-dist/tex/generic/pgfplots/pgfplots.paths.code.tex)
(c:/texlive/texmf-dist/tex/generic/pgf/frontendlayer/tikz/libraries/tikzlibrary
decorations.code.tex
(c:/texlive/texmf-dist/tex/generic/pgf/modules/pgfmoduledecorations.code.tex
\pgfdecoratedcompleteddistance=\dimen326
\pgfdecoratedremainingdistance=\dimen327
\pgfdecoratedinputsegmentcompleteddistance=\dimen328
\pgfdecoratedinputsegmentremainingdistance=\dimen329
\pgf@decorate@distancetomove=\dimen330
\pgf@decorate@repeatstate=\count395
\pgfdecorationsegmentamplitude=\dimen331
\pgfdecorationsegmentlength=\dimen332
)
\tikz@lib@dec@box=\box132
)
(c:/texlive/texmf-dist/tex/generic/pgf/frontendlayer/tikz/libraries/tikzlibrary
decorations.pathmorphing.code.tex
(c:/texlive/texmf-dist/tex/generic/pgf/libraries/decorations/pgflibrarydecorati
ons.pathmorphing.code.tex))
(c:/texlive/texmf-dist/tex/generic/pgf/frontendlayer/tikz/libraries/tikzlibrary
decorations.pathreplacing.code.tex
(c:/texlive/texmf-dist/tex/generic/pgf/libraries/decorations/pgflibrarydecorati
ons.pathreplacing.code.tex))
(c:/texlive/texmf-dist/tex/generic/pgfplots/libs/tikzlibrarypgfplots.contourlua
.code.tex)
\pgfplots@numplots=\count396
\pgfplots@xmin@reg=\dimen333
\pgfplots@xmax@reg=\dimen334
\pgfplots@ymin@reg=\dimen335
\pgfplots@ymax@reg=\dimen336
\pgfplots@zmin@reg=\dimen337
\pgfplots@zmax@reg=\dimen338
)
(c:/texlive/texmf-dist/tex/generic/pgf/frontendlayer/tikz/libraries/tikzlibrary
plotmarks.code.tex
File: tikzlibraryplotmarks.code.tex 2026-08-01 v3.1.12 (3.1.12)

(c:/texlive/texmf-dist/tex/generic/pgf/libraries/pgflibraryplotmarks.code.tex
File: pgflibraryplotmarks.code.tex 2026-08-01 v3.1.12 (3.1.12)
))) (c:/texlive/texmf-dist/tex/latex/geometry/geometry.sty
Package: geometry 2026/03/07 v6.0 Page Geometry

(c:/texlive/texmf-dist/tex/generic/iftex/ifvtex.sty
Package: ifvtex 2019/10/25 v1.7 ifvtex legacy package. Use iftex instead.
)
\Gm@cnth=\count397
\Gm@cntv=\count398
\c@Gm@tempcnt=\count399
\Gm@bindingoffset=\dimen339
\Gm@wd@mp=\dimen340
\Gm@odd@mp=\dimen341
\Gm@even@mp=\dimen342
\Gm@layoutwidth=\dimen343
\Gm@layoutheight=\dimen344
\Gm@layouthoffset=\dimen345
\Gm@layoutvoffset=\dimen346
\Gm@dimlist=\toks53
)
(c:/texlive/texmf-dist/tex/latex/acronym/acronym.sty
Package: acronym 2025/01/17 v1.50 Support for acronyms (Tobias Oetiker)

(c:/texlive/texmf-dist/tex/latex/bigfoot/suffix.sty
Package: suffix 2006/07/15 1.5a Variant command support
)
(c:/texlive/texmf-dist/tex/generic/xstring/xstring.sty
(c:/texlive/texmf-dist/tex/generic/xstring/xstring.tex
\xs_counta=\count400
\xs_countb=\count401
)
Package: xstring 2023/08/22 v1.86 String manipulations (CT)
)
\AC@clearlist=\toks54
)
(c:/texlive/texmf-dist/tex/latex/glossaries/base/glossaries.sty
Package: glossaries 2026/04/21 v5.1 (NLCT)

(c:/texlive/texmf-dist/tex/latex/xkeyval/xkeyval.sty
Package: xkeyval 2025/11/04 v2.10 package option processing (HA)

(c:/texlive/texmf-dist/tex/generic/xkeyval/xkeyval.tex
(c:/texlive/texmf-dist/tex/generic/xkeyval/xkvutils.tex
\XKV@toks=\toks55
\XKV@tempa@toks=\toks56
\XKV@tempb@toks=\toks57
)
\XKV@depth=\count402
File: xkeyval.tex 2014/12/03 v2.7a key=value parser (HA)
))
(c:/texlive/texmf-dist/tex/latex/mfirstuc/mfirstuc.sty
Package: mfirstuc 2025/04/03 v2.09 (NLCT)
\@glsmfirst=\toks58
\@glsmrest=\toks59
)
(c:/texlive/texmf-dist/tex/latex/xfor/xfor.sty
Package: xfor 2009/02/05 v1.05 (NLCT)
)
(c:/texlive/texmf-dist/tex/latex/datatool/datatool-base.sty
Package: datatool-base 2026/07/31 v3.4.4 (NLCT)

(c:/texlive/texmf-dist/tex/latex/tracklang/tracklang.sty
Package: tracklang 2026/05/24 v1.6.8 (NLCT) Track Languages

(c:/texlive/texmf-dist/tex/generic/tracklang/tracklang.tex))
\l__datatool_tmpa_int=\count403
\l__datatool_tmpb_int=\count404
\l__datatool_tmpc_int=\count405
\l__datatool_tmpd_int=\count406
\l__datatool_count_int=\count407
\l__datatool_tmp_datatype_int=\count408
\l__datatool_tmpa_dim=\dimen347
\l__datatool_tmpb_dim=\dimen348

(c:/texlive/texmf-dist/tex/latex/datatool/datatool-l3fp.def
File: datatool-l3fp.def 2026/07/31 v3.4.4 (NLCT)
)
\@dtl@toks=\toks60
\@dtl@tmpcount=\count409
\dtl@tmplength=\skip75
\l__datatool_measure_box=\box133
\dtl@sortresult=\count410

(c:/texlive/texmf-dist/tex/latex/datatool/datatool-utf8.ldf
File: datatool-utf8.ldf 2026/07/31 v3.4.4 (NLCT)
)
\@dtl@datatype=\count411
\c_datatool_unknown_int=\count412
\l__datatool_year_int=\count413
\l__datatool_month_int=\count414
\l__datatool_day_int=\count415
\l__datatool_hour_int=\count416
\l__datatool_minute_int=\count417
\l__datatool_second_int=\count418
\l__datatool_tzhour_int=\count419
\l__datatool_tzminute_int=\count420
\l__datatool_julian_int=\count421
\l__datatool_local_julian_int=\count422
\l__datatool_prefix_int=\count423
\l__datatool_suffix_int=\count424
\@dtl@foreach@level=\count425
\dtl@codeA=\count426
\dtl@codeB=\count427
)
\gls@level=\count428
\@gls@tmpb=\toks61
\gls@tmplen=\skip76
\l__glossaries_tmpa_dim=\dimen349
\l__glossaries_tmpb_dim=\dimen350
\glskeylisttok=\toks62
\glslabeltok=\toks63
\glsshorttok=\toks64
\glslongtok=\toks65

(c:/texlive/texmf-dist/tex/latex/glossaries/styles/glossary-hypernav.sty
Package: glossary-hypernav 2026/04/21 v5.1 (NLCT)
)
(c:/texlive/texmf-dist/tex/latex/glossaries/styles/glossary-list.sty
Package: glossary-list 2026/04/21 v5.1 (NLCT)
\glslistdottedwidth=\skip77
)
(c:/texlive/texmf-dist/tex/latex/glossaries/styles/glossary-long.sty
Package: glossary-long 2026/04/21 v5.1 (NLCT)
\glsdescwidth=\skip78
\glspagelistwidth=\skip79
)
(c:/texlive/texmf-dist/tex/latex/glossaries/styles/glossary-tree.sty
Package: glossary-tree 2026/04/21 v5.1 (NLCT)
\l__glossaries_tree_max_known_level_int=\count429
\l__glossaries_tree_offset_dim=\dimen351
\l__glossaries_tree_namewidth_dim=\dimen352
\l__glossaries_tree_symbolwidth_dim=\dimen353
\l__glossaries_tree_prenamesym_width_dim=\dimen354
\l__glossaries_tree_presubnamesym_width_dim=\dimen355
\l__glossaries_tree_namewidth_padding_dim=\dimen356
\l__glossaries_tree_symbolwidth_padding_dim=\dimen357
\l__glossaries_tree_namesymbolwidth_dim=\dimen358
\l__glossaries_tree_namesymbolwidth_padding_dim=\dimen359
\l__glossaries_tree_level_int=\count430
\glstreeindent=\skip80
))
(c:/texlive/texmf-dist/tex/latex/enumitem/enumitem.sty
Package: enumitem 2025/02/06 v3.11 Customized lists
\labelindent=\skip81
\enit@outerparindent=\dimen360
\enit@toks=\toks66
\enit@inbox=\box134
\enit@count@id=\count431
\enitdp@description=\count432
)
(c:/texlive/texmf-dist/tex/latex/base/textcomp.sty
Package: textcomp 2024/04/24 v2.1b Standard LaTeX package
)
(c:/texlive/texmf-dist/tex/latex/microtype/microtype.sty
Package: microtype 2026/03/01 v3.2d Micro-typographical refinements (RS)
\MT@toks=\toks67
\MT@tempbox=\box135
\MT@count=\count433
LaTeX Info: Redefining \noprotrusionifhmode on input line 1084.
LaTeX Info: Redefining \leftprotrusion on input line 1085.
\MT@prot@toks=\toks68
LaTeX Info: Redefining \rightprotrusion on input line 1104.
LaTeX Info: Redefining \textls on input line 1449.
\MT@outer@kern=\dimen361
LaTeX Info: Redefining \microtypecontext on input line 2053.
LaTeX Info: Redefining \textmicrotypecontext on input line 2070.
\MT@listname@count=\count434

(c:/texlive/texmf-dist/tex/latex/microtype/microtype-pdftex.def
File: microtype-pdftex.def 2026/03/01 v3.2d Definitions specific to pdftex (RS)

LaTeX Info: Redefining \lsstyle on input line 944.
LaTeX Info: Redefining \lslig on input line 944.
\MT@outer@space=\skip82
)
Package microtype Info: Loading configuration file microtype.cfg.

(c:/texlive/texmf-dist/tex/latex/microtype/microtype.cfg
File: microtype.cfg 2026/03/01 v3.2d microtype main configuration file (RS)
)
LaTeX Info: Redefining \microtypesetup on input line 3065.
)
(c:/texlive/texmf-dist/tex/latex/appendix/appendix.sty
Package: appendix 2020/02/08 v1.2c extra appendix facilities
\c@@pps=\count435
\c@@ppsavesec=\count436
\c@@ppsaveapp=\count437
)
(c:/texlive/texmf-dist/tex/latex/titlesec/titlesec.sty
Package: titlesec 2025/01/04 v2.17 Sectioning titles
\ttl@box=\box136
\beforetitleunit=\skip83
\aftertitleunit=\skip84
\ttl@plus=\dimen362
\ttl@minus=\dimen363
\ttl@toksa=\toks69
\titlewidth=\dimen364
\titlewidthlast=\dimen365
\titlewidthfirst=\dimen366
)
(c:/texlive/texmf-dist/tex/generic/pgf/frontendlayer/tikz/libraries/tikzlibrary
shapes.geometric.code.tex
File: tikzlibraryshapes.geometric.code.tex 2026-08-01 v3.1.12 (3.1.12)

(c:/texlive/texmf-dist/tex/generic/pgf/libraries/shapes/pgflibraryshapes.geomet
ric.code.tex
File: pgflibraryshapes.geometric.code.tex 2026-08-01 v3.1.12 (3.1.12)
))
(c:/texlive/texmf-dist/tex/generic/pgf/frontendlayer/tikz/libraries/tikzlibrary
shapes.arrows.code.tex
File: tikzlibraryshapes.arrows.code.tex 2026-08-01 v3.1.12 (3.1.12)

(c:/texlive/texmf-dist/tex/generic/pgf/libraries/shapes/pgflibraryshapes.arrows
.code.tex
File: pgflibraryshapes.arrows.code.tex 2026-08-01 v3.1.12 (3.1.12)
))
(c:/texlive/texmf-dist/tex/generic/pgf/frontendlayer/tikz/libraries/tikzlibrary
positioning.code.tex
File: tikzlibrarypositioning.code.tex 2026-08-01 v3.1.12 (3.1.12)
)
(c:/texlive/texmf-dist/tex/generic/pgf/frontendlayer/tikz/libraries/tikzlibrary
calc.code.tex
File: tikzlibrarycalc.code.tex 2026-08-01 v3.1.12 (3.1.12)
)
(c:/texlive/texmf-dist/tex/generic/pgf/libraries/pgflibraryarrows.meta.code.tex
File: pgflibraryarrows.meta.code.tex 2026-08-01 v3.1.12 (3.1.12)
\pgfarrowinset=\dimen367
\pgfarrowlength=\dimen368
\pgfarrowwidth=\dimen369
\pgfarrowlinewidth=\dimen370
)
(c:/texlive/texmf-dist/tex/generic/pgf/frontendlayer/tikz/libraries/tikzlibrary
shadows.code.tex
File: tikzlibraryshadows.code.tex 2026-08-01 v3.1.12 (3.1.12)

(c:/texlive/texmf-dist/tex/generic/pgf/frontendlayer/tikz/libraries/tikzlibrary
fadings.code.tex
File: tikzlibraryfadings.code.tex 2026-08-01 v3.1.12 (3.1.12)

(c:/texlive/texmf-dist/tex/generic/pgf/libraries/pgflibraryfadings.code.tex
File: pgflibraryfadings.code.tex 2026-08-01 v3.1.12 (3.1.12)
)))
(c:/texlive/texmf-dist/tex/generic/pgf/frontendlayer/tikz/libraries/tikzlibrary
fit.code.tex
File: tikzlibraryfit.code.tex 2026-08-01 v3.1.12 (3.1.12)
)
(c:/texlive/texmf-dist/tex/generic/pgf/frontendlayer/tikz/libraries/tikzlibrary
backgrounds.code.tex
File: tikzlibrarybackgrounds.code.tex 2026-08-01 v3.1.12 (3.1.12)
\pgf@layerbox@background=\box137
\pgf@layerboxsaved@background=\box138
)
Package hyperref Info: Option `colorlinks' set `true' on input line 118.


Package hyperref Warning: Option `bookmarks' has already been used,
(hyperref)                setting the option has no effect on input line 118.

Package hyperref Info: Option `bookmarksnumbered' set `true' on input line 118.

Package hyperref Info: Option `bookmarksopen' set `true' on input line 118.
! Undefined control sequence.
l.137 \appref
             [1]{Appendix~{\ref{#1}}}%
The control sequence at the end of the top line
of your error message was never \def'ed. If you have
misspelled it (e.g., `\hobx'), type `I' and the correct
spelling (e.g., `I\hbox'). Otherwise just continue,
and I'll forget about whatever was undefined.


! LaTeX Error: Missing \begin{document}.

See the LaTeX manual or LaTeX Companion for explanation.
Type  H <return>  for immediate help.
 ...                                              
                                                  
l.137 \appref[
              1]{Appendix~{\ref{#1}}}%
You're in trouble here.  Try typing  <return>  to proceed.
If that doesn't work, type  X <return>  to quit.


LaTeX Warning: Reference `##1' on page 1 undefined on input line 137.

\c@definition=\count438
\c@theorem=\count439
\c@lemma=\count440
\c@corollary=\count441
\c@proposition=\count442
\c@claim=\count443
\c@observation=\count444
\c@assumption=\count445
(c:/texlive/texmf-dist/tex/latex/biblatex/biblatex.sty
Package: biblatex 2025/07/10 v3.21 programmable bibliographies (PK/MW)

(c:/texlive/texmf-dist/tex/latex/logreq/logreq.sty
Package: logreq 2010/08/04 v1.0 xml request logger
\lrq@indent=\count446

(c:/texlive/texmf-dist/tex/latex/logreq/logreq.def
File: logreq.def 2010/08/04 v1.0 logreq spec v1.0
))
\c@tabx@nest=\count447
\c@listtotal=\count448
\c@listcount=\count449
\c@liststart=\count450
\c@liststop=\count451
\c@citecount=\count452
\c@citetotal=\count453
\c@multicitecount=\count454
\c@multicitetotal=\count455
\c@instcount=\count456
\c@maxnames=\count457
\c@minnames=\count458
\c@maxitems=\count459
\c@minitems=\count460
\c@citecounter=\count461
\c@maxcitecounter=\count462
\c@savedcitecounter=\count463
\c@uniquelist=\count464
\c@uniquename=\count465
\c@refsection=\count466
\c@refsegment=\count467
\c@maxextratitle=\count468
\c@maxextratitleyear=\count469
\c@maxextraname=\count470
\c@maxextradate=\count471
\c@maxextraalpha=\count472
\c@abbrvpenalty=\count473
\c@highnamepenalty=\count474
\c@lownamepenalty=\count475
\c@maxparens=\count476
\c@parenlevel=\count477
\blx@tempcnta=\count478
\blx@tempcntb=\count479
\blx@tempcntc=\count480
\c@blx@maxsection=\count481
\blx@maxsegment@0=\count482
\blx@notetype=\count483
\blx@parenlevel@text=\count484
\blx@parenlevel@foot=\count485
\blx@sectionciteorder@0=\count486
\blx@sectionciteorderinternal@0=\count487
\blx@entrysetcounter=\count488
\blx@biblioinstance=\count489
\labelnumberwidth=\skip85
\labelalphawidth=\skip86
\biblabelsep=\skip87
\bibitemsep=\skip88
\bibnamesep=\skip89
\bibinitsep=\skip90
\bibparsep=\skip91
\bibhang=\skip92
\blx@bcfin=\read3
\blx@bcfout=\write4
\blx@langwohyphens=\language49
\c@mincomprange=\count490
\c@maxcomprange=\count491
\c@mincompwidth=\count492
Package biblatex Info: Trying to load biblatex default data model...
Package biblatex Info: ... file 'blx-dm.def' found.

(c:/texlive/texmf-dist/tex/latex/biblatex/blx-dm.def
File: blx-dm.def 2025/07/10 v3.21 biblatex datamodel (PK/MW)
)
Package biblatex Info: Trying to load biblatex style data model...
Package biblatex Info: ... file 'ieee.dbx' not found.
Package biblatex Info: Trying to load biblatex custom data model...
Package biblatex Info: ... file 'biblatex-dm.cfg' not found.
\c@afterword=\count493
\c@savedafterword=\count494
\c@annotator=\count495
\c@savedannotator=\count496
\c@author=\count497
\c@savedauthor=\count498
\c@bookauthor=\count499
\c@savedbookauthor=\count500
\c@commentator=\count501
\c@savedcommentator=\count502
\c@editor=\count503
\c@savededitor=\count504
\c@editora=\count505
\c@savededitora=\count506
\c@editorb=\count507
\c@savededitorb=\count508
\c@editorc=\count509
\c@savededitorc=\count510
\c@foreword=\count511
\c@savedforeword=\count512
\c@holder=\count513
\c@savedholder=\count514
\c@introduction=\count515
\c@savedintroduction=\count516
\c@namea=\count517
\c@savednamea=\count518
\c@nameb=\count519
\c@savednameb=\count520
\c@namec=\count521
\c@savednamec=\count522
\c@translator=\count523
\c@savedtranslator=\count524
\c@shortauthor=\count525
\c@savedshortauthor=\count526
\c@shorteditor=\count527
\c@savedshorteditor=\count528
\c@labelname=\count529
\c@savedlabelname=\count530
\c@institution=\count531
\c@savedinstitution=\count532
\c@lista=\count533
\c@savedlista=\count534
\c@listb=\count535
\c@savedlistb=\count536
\c@listc=\count537
\c@savedlistc=\count538
\c@listd=\count539
\c@savedlistd=\count540
\c@liste=\count541
\c@savedliste=\count542
\c@listf=\count543
\c@savedlistf=\count544
\c@location=\count545
\c@savedlocation=\count546
\c@organization=\count547
\c@savedorganization=\count548
\c@origlocation=\count549
\c@savedoriglocation=\count550
\c@origpublisher=\count551
\c@savedorigpublisher=\count552
\c@publisher=\count553
\c@savedpublisher=\count554
\c@language=\count555
\c@savedlanguage=\count556
\c@origlanguage=\count557
\c@savedoriglanguage=\count558
\c@pageref=\count559
\c@savedpageref=\count560
\shorthandwidth=\skip93
\shortjournalwidth=\skip94
\shortserieswidth=\skip95
\shorttitlewidth=\skip96
\shortauthorwidth=\skip97
\shorteditorwidth=\skip98
\locallabelnumberwidth=\skip99
\locallabelalphawidth=\skip100
\localshorthandwidth=\skip101
\localshortjournalwidth=\skip102
\localshortserieswidth=\skip103
\localshorttitlewidth=\skip104
\localshortauthorwidth=\skip105
\localshorteditorwidth=\skip106
Package biblatex Info: Trying to load compatibility code...
Package biblatex Info: ... file 'blx-compat.def' found.

(c:/texlive/texmf-dist/tex/latex/biblatex/blx-compat.def
File: blx-compat.def 2025/07/10 v3.21 biblatex compatibility (PK/MW)
)
Package biblatex Info: Trying to load generic definitions...
Package biblatex Info: ... file 'biblatex.def' found.

(c:/texlive/texmf-dist/tex/latex/biblatex/biblatex.def
File: biblatex.def 2025/07/10 v3.21 biblatex compatibility (PK/MW)
\c@textcitecount=\count561
\c@textcitetotal=\count562
\c@textcitemaxnames=\count563
\c@biburlbigbreakpenalty=\count564
\c@biburlbreakpenalty=\count565
\c@biburlnumpenalty=\count566
\c@biburlucpenalty=\count567
\c@biburllcpenalty=\count568
\biburlbigskip=\muskip19
\biburlnumskip=\muskip20
\biburlucskip=\muskip21
\biburllcskip=\muskip22
\c@smartand=\count569
)
Package biblatex Info: Trying to load bibliography style 'ieee'...
Package biblatex Info: ... file 'ieee.bbx' found.

(c:/texlive/texmf-dist/tex/latex/biblatex-ieee/ieee.bbx
File: ieee.bbx 2025-08-01 v1.4f biblatex bibliography style
Package biblatex Info: Trying to load bibliography style 'numeric-comp'...
Package biblatex Info: ... file 'numeric-comp.bbx' found.

(c:/texlive/texmf-dist/tex/latex/biblatex/bbx/numeric-comp.bbx
File: numeric-comp.bbx 2025/07/10 v3.21 biblatex bibliography style (PK/MW)
Package biblatex Info: Trying to load bibliography style 'numeric'...
Package biblatex Info: ... file 'numeric.bbx' found.

(c:/texlive/texmf-dist/tex/latex/biblatex/bbx/numeric.bbx
File: numeric.bbx 2025/07/10 v3.21 biblatex bibliography style (PK/MW)
Package biblatex Info: Trying to load bibliography style 'standard'...
Package biblatex Info: ... file 'standard.bbx' found.

(c:/texlive/texmf-dist/tex/latex/biblatex/bbx/standard.bbx
File: standard.bbx 2025/07/10 v3.21 biblatex bibliography style (PK/MW)
\c@bbx:relatedcount=\count570
\c@bbx:relatedtotal=\count571
))))
Package biblatex Info: Trying to load citation style 'ieee'...
Package biblatex Info: ... file 'ieee.cbx' found.

(c:/texlive/texmf-dist/tex/latex/biblatex-ieee/ieee.cbx
File: ieee.cbx 2025-08-01 v1.4f biblatex citation style
Package biblatex Info: Trying to load citation style 'numeric-verb'...
Package biblatex Info: ... file 'numeric-verb.cbx' found.

(c:/texlive/texmf-dist/tex/latex/biblatex/cbx/numeric-verb.cbx
File: numeric-verb.cbx 2025/07/10 v3.21 biblatex citation style (PK/MW)
Package biblatex Info: Redefining '\cite'.
Package biblatex Info: Redefining '\parencite'.
Package biblatex Info: Redefining '\footcite'.
Package biblatex Info: Redefining '\footcitetext'.
Package biblatex Info: Redefining '\smartcite'.
Package biblatex Info: Redefining '\textcite'.
Package biblatex Info: Redefining '\supercite'.
Package biblatex Info: Redefining '\parencites'.
Package biblatex Info: Redefining '\smartcites'.
Package biblatex Info: Redefining '\textcites'.
))
Package biblatex Info: Trying to load configuration file...
Package biblatex Info: ... file 'biblatex.cfg' found.

(c:/texlive/texmf-dist/tex/latex/biblatex/biblatex.cfg
File: biblatex.cfg 
)
Package biblatex Info: Input encoding 'utf8' detected.
Package biblatex Info: Document encoding is UTF8 ....

(c:/texlive/texmf-dist/tex/latex/l3kernel/expl3.sty
Package: expl3 2026-07-20 L3 programming layer (loader) 

(c:/texlive/texmf-dist/tex/latex/l3backend/l3backend-pdftex.def
File: l3backend-pdftex.def 2026-07-20 L3 backend support: PDF output (pdfTeX)
\l__color_backend_stack_int=\count572
))
Package biblatex Info: ... and expl3
(biblatex)             2026-07-20 L3 programming layer (loader) 
(biblatex)             is new enough (at least 2020/04/06),
(biblatex)             setting 'casechanger=expl3'.

(c:/texlive/texmf-dist/tex/latex/biblatex/blx-case-expl3.sty
(c:/texlive/texmf-dist/tex/latex/l3packages/xparse/xparse.sty
Package: xparse 2025-10-09 L3 Experimental document command parser
)
Package: blx-case-expl3 2025/07/10 v3.21 expl3 case changing code for biblatex
))
\@quotelevel=\count573
\@quotereset=\count574

(./vbfc_paper_full_cases.aux)
\openout1 = `vbfc_paper_full_cases.aux'.

LaTeX Font Info:    Checking defaults for OML/cmm/m/it on input line 175.
LaTeX Font Info:    ... okay on input line 175.
LaTeX Font Info:    Checking defaults for OMS/cmsy/m/n on input line 175.
LaTeX Font Info:    ... okay on input line 175.
LaTeX Font Info:    Checking defaults for OT1/cmr/m/n on input line 175.
LaTeX Font Info:    ... okay on input line 175.
LaTeX Font Info:    Checking defaults for T1/cmr/m/n on input line 175.
LaTeX Font Info:    ... okay on input line 175.
LaTeX Font Info:    Checking defaults for TS1/cmr/m/n on input line 175.
LaTeX Font Info:    ... okay on input line 175.
LaTeX Font Info:    Checking defaults for OMX/cmex/m/n on input line 175.
LaTeX Font Info:    ... okay on input line 175.
LaTeX Font Info:    Checking defaults for U/cmr/m/n on input line 175.
LaTeX Font Info:    ... okay on input line 175.
LaTeX Font Info:    Checking defaults for PD1/pdf/m/n on input line 175.
LaTeX Font Info:    ... okay on input line 175.
LaTeX Font Info:    Checking defaults for PU/pdf/m/n on input line 175.
LaTeX Font Info:    ... okay on input line 175.

(c:/texlive/texmf-dist/tex/context/base/mkii/supp-pdf.mkii
[Loading MPS to PDF converter (version 2006.09.02).]
\scratchcounter=\count575
\scratchdimen=\dimen371
\scratchbox=\box139
\nofMPsegments=\count576
\nofMParguments=\count577
\everyMPshowfont=\toks70
\MPscratchCnt=\count578
\MPscratchDim=\dimen372
\MPnumerator=\count579
\makeMPintoPDFobject=\count580
\everyMPtoPDFconversion=\toks71
) (c:/texlive/texmf-dist/tex/latex/epstopdf-pkg/epstopdf-base.sty
Package: epstopdf-base 2020-01-24 v2.11 Base part for package epstopdf
Package epstopdf-base Info: Redefining graphics rule for `.eps' on input line 4
85.

(c:/texlive/texmf-dist/tex/latex/latexconfig/epstopdf-sys.cfg
File: epstopdf-sys.cfg 2010/07/13 v1.3 Configuration of (r)epstopdf for TeX Liv
e
))
Package caption Info: Begin \AtBeginDocument code.
Package caption Info: float package is loaded.
Package caption Info: hyperref package is loaded.
Package caption Info: listings package is loaded.
Package caption Info: longtable package is loaded.

(c:/texlive/texmf-dist/tex/latex/caption/ltcaption.sty
Package: ltcaption 2021/01/08 v1.4c longtable captions (AR)
)
Package caption Info: End \AtBeginDocument code.
Package hyperref Info: Link coloring ON on input line 175.

(./vbfc_paper_full_cases.out) (./vbfc_paper_full_cases.out)
\@outlinefile=\write5
\openout5 = `vbfc_paper_full_cases.out'.

\c@lstlisting=\count581

Package pgfplots notification 'compat/show suggested version=true': document ha
s been generated with the most recent feature set (\pgfplotsset{compat=1.18}).

*geometry* driver: auto-detecting
*geometry* detected driver: pdftex
*geometry* verbose mode - [ preamble ] result:
* driver: pdftex
* paper: a4paper
* layout: <same size as paper>
* layoutoffset:(h,v)=(0.0pt,0.0pt)
* modes: 
* h-part:(L,W,R)=(71.13188pt, 455.24411pt, 71.13188pt)
* v-part:(T,H,B)=(71.13188pt, 702.78308pt, 71.13188pt)
* \paperwidth=597.50787pt
* \paperheight=845.04684pt
* \textwidth=455.24411pt
* \textheight=702.78308pt
* \oddsidemargin=-1.1381pt
* \evensidemargin=-1.1381pt
* \topmargin=-30.36447pt
* \headheight=15.0pt
* \headsep=14.22636pt
* \topskip=11.0pt
* \footskip=28.45274pt
* \marginparwidth=50.0pt
* \marginparsep=10.0pt
* \columnsep=10.0pt
* \skip\footins=10.0pt plus 4.0pt minus 2.0pt
* \hoffset=0.0pt
* \voffset=0.0pt
* \mag=1000
* \@twocolumnfalse
* \@twosidefalse
* \@mparswitchfalse
* \@reversemarginfalse
* (1in=72.27pt=25.4mm, 1cm=28.453pt)

LaTeX Info: Redefining \microtypecontext on input line 175.
Package microtype Info: Applying patch `item' on input line 175.
Package microtype Info: Applying patch `toc' on input line 175.
Package microtype Info: Applying patch `eqnum' on input line 175.
Package microtype Info: Applying patch `footnote' on input line 175.
Package microtype Info: Applying patch `verbatim' on input line 175.
LaTeX Info: Redefining \microtypesetup on input line 175.
Package microtype Info: Generating PDF output.
Package microtype Info: Character protrusion enabled (level 2).
Package microtype Info: Using default protrusion set `alltext'.
Package microtype Info: Automatic font expansion enabled (level 2),
(microtype)             stretch: 20, shrink: 20, step: 1, non-selected.
Package microtype Info: Using default expansion set `alltext-nott'.
Package microtype Info: Patching command `\showhyphens'.
Package microtype Info: No adjustment of tracking.
Package microtype Info: No adjustment of interword spacing.
Package microtype Info: No adjustment of character kerning.
(c:/texlive/texmf-dist/tex/latex/microtype/mt-cmr.cfg
File: mt-cmr.cfg 2013/05/19 v2.2 microtype config. file: Computer Modern Roman 
(RS)
)
Package biblatex Info: Trying to load language 'english'...
Package biblatex Info: ... file 'english.lbx' found.

(c:/texlive/texmf-dist/tex/latex/biblatex/lbx/english.lbx
File: english.lbx 2025/07/10 v3.21 biblatex localization (PK/MW)
)
Package biblatex Info: Input encoding 'utf8' detected.
Package biblatex Info: Automatic encoding selection.
(biblatex)             Assuming data encoding 'utf8'.
\openout4 = `vbfc_paper_full_cases.bcf'.

Package biblatex Info: Trying to load bibliographic data...
Package biblatex Info: ... file 'vbfc_paper_full_cases.bbl' not found.

No file vbfc_paper_full_cases.bbl.
Package biblatex Info: Reference section=0 on input line 175.
Package biblatex Info: Reference segment=0 on input line 175.
[1

{c:/texlive/texmf-var/fonts/map/pdftex/updmap/pdftex.map}{c:/texlive/texmf-dist
/fonts/enc/dvips/cm-super/cm-super-t1.enc}]
Package acronym Info: Label `acro:SPI' newly defined as it shall be overridden
although it is yet undefined on input line 179.


Package acronym Warning: Acronym SPI is not defined on input line 179.


Package acronym Warning: Acronym SPI is not defined on input line 179.

Package acronym Info: Label `acro:BIOS' newly defined as it shall be overridden

although it is yet undefined on input line 179.

Package acronym Warning: Acronym BIOS is not defined on input line 179.


Package acronym Warning: Acronym BIOS is not defined on input line 179.

LaTeX Font Info:    Trying to load font information for U+msa on input line 179
.
(c:/texlive/texmf-dist/tex/latex/amsfonts/umsa.fd
File: umsa.fd 2013/01/14 v3.01 AMS symbols A
)
(c:/texlive/texmf-dist/tex/latex/microtype/mt-msa.cfg
File: mt-msa.cfg 2006/02/04 v1.1 microtype config. file: AMS symbols (a) (RS)
)
LaTeX Font Info:    Trying to load font information for U+msb on input line 179
.

(c:/texlive/texmf-dist/tex/latex/amsfonts/umsb.fd
File: umsb.fd 2013/01/14 v3.01 AMS symbols B
)
(c:/texlive/texmf-dist/tex/latex/microtype/mt-msb.cfg
File: mt-msb.cfg 2005/06/01 v1.0 microtype config. file: AMS symbols (b) (RS)
)
Package microtype Info: Loading generic protrusion settings for font family
(microtype)             `cmtt' (encoding: T1).
(microtype)             For optimal results, create family-specific settings.
(microtype)             See the microtype manual for details.


Package acronym Warning: Acronym BIOS is not defined on input line 182.

Package acronym Info: Label `acro:vbfc' newly defined as it shall be overridden

although it is yet undefined on input line 182.

Package acronym Warning: Acronym vbfc is not defined on input line 182.


Package acronym Warning: Acronym vbfc is not defined on input line 182.


Package acronym Warning: Acronym SPI is not defined on input line 182.

Package acronym Info: Label `acro:PCH' newly defined as it shall be overridden
although it is yet undefined on input line 182.

Package acronym Warning: Acronym PCH is not defined on input line 182.


Package acronym Warning: Acronym PCH is not defined on input line 182.


Package acronym Warning: Acronym SPI is not defined on input line 182.

Package acronym Info: Label `acro:SRAM' newly defined as it shall be overridden

although it is yet undefined on input line 182.

Package acronym Warning: Acronym SRAM is not defined on input line 182.


Package acronym Warning: Acronym SRAM is not defined on input line 182.

Package acronym Info: Label `acro:HMAC' newly defined as it shall be overridden

although it is yet undefined on input line 182.

Package acronym Warning: Acronym HMAC is not defined on input line 182.


Package acronym Warning: Acronym HMAC is not defined on input line 182.

Package acronym Info: Label `acro:SHA' newly defined as it shall be overridden
although it is yet undefined on input line 182.

Package acronym Warning: Acronym SHA is not defined on input line 182.


Package acronym Warning: Acronym SHA is not defined on input line 182.


Package acronym Warning: Acronym SPI is not defined on input line 182.


Package acronym Warning: Acronym SPI is not defined on input line 182.


Package acronym Warning: Acronym SPI is not defined on input line 182.

Package acronym Info: Label `acro:UEFI' newly defined as it shall be overridden

although it is yet undefined on input line 182.

Package acronym Warning: Acronym UEFI is not defined on input line 182.


Package acronym Warning: Acronym UEFI is not defined on input line 182.


Package acronym Warning: Acronym BIOS is not defined on input line 182.

Package acronym Info: Label `acro:ME' newly defined as it shall be overridden
although it is yet undefined on input line 182.

Package acronym Warning: Acronym ME is not defined on input line 182.


Package acronym Warning: Acronym ME is not defined on input line 182.


pdfTeX warning (font expansion): font should be expanded before its first use

Package acronym Warning: Acronym SPI is not defined on input line 185.


Package acronym Warning: Acronym BIOS is not defined on input line 185.

Package acronym Info: Label `acro:RP2040' newly defined as it shall be overridd
en
although it is yet undefined on input line 185.

Package acronym Warning: Acronym RP2040 is not defined on input line 185.


Package acronym Warning: Acronym RP2040 is not defined on input line 185.


Package acronym Warning: Acronym UEFI is not defined on input line 185.


Package acronym Warning: Acronym ME is not defined on input line 185.

(./vbfc_paper_full_cases.toc)
\tf@toc=\write6
\openout6 = `vbfc_paper_full_cases.toc'.

 [2{c:/texlive/texmf-dist/fonts/enc/dvips/cm-super/cm-super-ts1.enc}] (./sectio
ns_full/01_introduction.tex

Package acronym Warning: Acronym BIOS is not defined on input line 7.


Package acronym Warning: Acronym UEFI is not defined on input line 7.

Package acronym Info: Label `acro:TCB' newly defined as it shall be overridden
although it is yet undefined on input line 7.

Package acronym Warning: Acronym TCB is not defined on input line 7.


Package acronym Warning: Acronym TCB is not defined on input line 7.


Package acronym Warning: Acronym SPI is not defined on input line 7.


Package acronym Warning: Acronym PCH is not defined on input line 7.

Package acronym Info: Label `acro:SMM' newly defined as it shall be overridden
although it is yet undefined on input line 7.

Package acronym Warning: Acronym SMM is not defined on input line 7.


Package acronym Warning: Acronym SMM is not defined on input line 7.


LaTeX Warning: Citation 'kallenberg2015firmware' on page 3 undefined on input l
ine 7.


LaTeX Warning: Citation 'wormley2018bios' on page 3 undefined on input line 7.


LaTeX Warning: Citation 'nist2018sp800-193' on page 3 undefined on input line 7
.


LaTeX Warning: Citation 'microsoft2020secured-core' on page 3 undefined on inpu
t line 7.


Overfull \hbox (78.98209pt too wide) in paragraph at lines 7--8
[] \T1/cmr/m/n/10.95 (-20) and a crit-i-cal layer for de-fen-sive mea-sures [],
 []. 
 []


Package acronym Warning: Acronym SPI is not defined on input line 9.


LaTeX Warning: Citation 'spispy' on page 3 undefined on input line 9.


LaTeX Warning: Citation 'fspi' on page 3 undefined on input line 9.


LaTeX Warning: Citation 'spi-flasher' on page 3 undefined on input line 9.


Package acronym Warning: Acronym vbfc is not defined on input line 11.


Package acronym Warning: Acronym vbfc is not defined on input line 11.


Package acronym Warning: Acronym SPI is not defined on input line 11.


Package acronym Warning: Acronym PCH is not defined on input line 11.


Package acronym Warning: Acronym SPI is not defined on input line 11.

Package acronym Info: Label `acro:PCB' newly defined as it shall be overridden
although it is yet undefined on input line 11.

Package acronym Warning: Acronym PCB is not defined on input line 11.


Package acronym Warning: Acronym PCB is not defined on input line 11.


Package acronym Warning: Acronym SPI is not defined on input line 15.

Package acronym Info: Label `acro:PIO' newly defined as it shall be overridden
although it is yet undefined on input line 15.

Package acronym Warning: Acronym PIO is not defined on input line 15.


Package acronym Warning: Acronym PIO is not defined on input line 15.


Package acronym Warning: Acronym PCH is not defined on input line 15.

! Undefined control sequence.
l.17 ...:} A 256-byte signed-image header (\appref
                                                  {app:signed_header}) using...
The control sequence at the end of the top line
of your error message was never \def'ed. If you have
misspelled it (e.g., `\hobx'), type `I' and the correct
spelling (e.g., `I\hbox'). Otherwise just continue,
and I'll forget about whatever was undefined.

! Missing $ inserted.
<inserted text> 
                $
l.17 ...e signed-image header (\appref{app:signed_
                                                  header}) using \ac{HMAC}-\...
I've inserted a begin-math/end-math symbol since I think
you left one out. Proceed, with fingers crossed.

! Extra }, or forgotten $.
l.17 ...d-image header (\appref{app:signed_header}
                                                  ) using \ac{HMAC}-\ac{SHA}...
I've deleted a group-closing symbol because it seems to be
spurious, as in `$x}$'. But perhaps the } is legitimate and
you forgot something else, as in `\hbox{$x}'. In such cases
the way to recover is to insert both the forgotten and the
deleted material, e.g., by typing `I$}'.


Package acronym Warning: Acronym HMAC is not defined on input line 17.


Package acronym Warning: Acronym SHA is not defined on input line 17.

! Missing $ inserted.
<inserted text> 
                $
l.18 
     
I've inserted a begin-math/end-math symbol since I think
you left one out. Proceed, with fingers crossed.

! Missing } inserted.
<inserted text> 
                }
l.18 
     
I've inserted something that you may have forgotten.
(See the <inserted text> above.)
With luck, this will get me unwedged. But if you
really didn't forget anything, try typing `2' now; then
my insertion and my current dilemma will both disappear.


Overfull \hbox (218.825pt too wide) in paragraph at lines 17--18
\T1/cmr/m/n/10.95 (-20) (app:signed$[]\OML/cmm/m/it/10.95 eader\OT1/cmr/m/n/10.
95 (-20) )\OML/cmm/m/it/10.95 using[][] \OMS/cmsy/m/n/10.95 ^^@ [][]\OT1/cmr/m/
n/10.95 (-20) 256(\OML/cmm/m/it/10.95 PhaseA\OT1/cmr/m/n/10.95 (-20) )\OML/cmm/
m/it/10.95 andreservedECDSA \OMS/cmsy/m/n/10.95 ^^@ \OML/cmm/m/it/10.95 P\OT1/c
mr/m/n/10.95 (-20) 256(\OML/cmm/m/it/10.95 PhaseB\OT1/cmr/m/n/10.95 (-20) )\OML
/cmm/m/it/10.95 thatbindsfirmwareimagestoahardware \OMS/cmsy/m/n/10.95 ^^@
 []


Overfull \hbox (103.5791pt too wide) in paragraph at lines 17--18
\OML/cmm/m/it/10.95 rootedkey; enforcesmonotonicversioning; andpreventsunauthor
izedordowngradedimageinjection\OT1/cmr/m/n/10.95 (-20) (\OML/cmm/m/it/10.95 Sec
tion []\OT1/cmr/m/n/10.95 (-20) )\OML/cmm/m/it/10.95 :[]$ 
 []

! Undefined control sequence.
l.19 ...apping:} A compact data structure (\appref
                                                  {app:shadow_map}) stored i...
The control sequence at the end of the top line
of your error message was never \def'ed. If you have
misspelled it (e.g., `\hobx'), type `I' and the correct
spelling (e.g., `I\hbox'). Otherwise just continue,
and I'll forget about whatever was undefined.

! Missing $ inserted.
<inserted text> 
                $
l.19 ...ompact data structure (\appref{app:shadow_
                                                  map}) stored in both the 2...
I've inserted a begin-math/end-math symbol since I think
you left one out. Proceed, with fingers crossed.

! Extra }, or forgotten $.
l.19 ...ct data structure (\appref{app:shadow_map}
                                                  ) stored in both the 24C02...
I've deleted a group-closing symbol because it seems to be
spurious, as in `$x}$'. But perhaps the } is legitimate and
you forgot something else, as in `\hbox{$x}'. In such cases
the way to recover is to insert both the forgotten and the
deleted material, e.g., by typing `I$}'.

Package acronym Info: Label `acro:EEPROM' newly defined as it shall be overridd
en
although it is yet undefined on input line 19.

Package acronym Warning: Acronym EEPROM is not defined on input line 19.


Package acronym Warning: Acronym EEPROM is not defined on input line 19.


Package acronym Warning: Acronym PCH is not defined on input line 19.

! Missing $ inserted.
<inserted text> 
                $
l.20 
     
I've inserted a begin-math/end-math symbol since I think
you left one out. Proceed, with fingers crossed.

! Missing } inserted.
<inserted text> 
                }
l.20 
     
I've inserted something that you may have forgotten.
(See the <inserted text> above.)
With luck, this will get me unwedged. But if you
really didn't forget anything, try typing `2' now; then
my insertion and my current dilemma will both disappear.


Overfull \hbox (191.24814pt too wide) in paragraph at lines 19--20
[]\T1/cmr/bx/n/10.95 (-20) Shadow map for trans-par-ent re-gion remap-ping: \T1
/cmr/m/n/10.95 (-20) A com-pact data struc-ture (app:shadow$[]\OML/cmm/m/it/10.
95 ap\OT1/cmr/m/n/10.95 (-20) )\OML/cmm/m/it/10.95 storedinboththe\OT1/cmr/m/n/
10.95 (-20) 24\OML/cmm/m/it/10.95 C\OT1/cmr/m/n/10.95 (-20) 02[][]
 []


Overfull \hbox (609.19179pt too wide) in paragraph at lines 19--20
\OT1/cmr/m/n/10.95 (-20) ([])[]\OML/cmm/m/it/10.95 andextensionflashthatmapslog
ical[][]addressrangestophysicallocationsacrosstheoriginalandextensionflash; ena
blingseamlessextensionoffirmwarecapacitybeyondtheoriginalchipsize\OT1/cmr/m/n/1
0.95 (-20) (\OML/cmm/m/it/10.95 Section []\OT1/cmr/m/n/10.95 (-20) )\OML/cmm/m/
it/10.95 :[]$ 
 []


Package acronym Warning: Acronym SPI is not defined on input line 21.

Package acronym Info: Label `acro:CLI' newly defined as it shall be overridden
although it is yet undefined on input line 21.

Package acronym Warning: Acronym CLI is not defined on input line 21.


Package acronym Warning: Acronym CLI is not defined on input line 21.

! Undefined control sequence.
l.21 ...ment (\secref{sec:implementation}, \appref
                                                  {app:host_api}).
The control sequence at the end of the top line
of your error message was never \def'ed. If you have
misspelled it (e.g., `\hobx'), type `I' and the correct
spelling (e.g., `I\hbox'). Otherwise just continue,
and I'll forget about whatever was undefined.

! Missing $ inserted.
<inserted text> 
                $
l.21 ...ref{sec:implementation}, \appref{app:host_
                                                  api}).
I've inserted a begin-math/end-math symbol since I think
you left one out. Proceed, with fingers crossed.

! Extra }, or forgotten $.
l.21 ...sec:implementation}, \appref{app:host_api}
                                                  ).
I've deleted a group-closing symbol because it seems to be
spurious, as in `$x}$'. But perhaps the } is legitimate and
you forgot something else, as in `\hbox{$x}'. In such cases
the way to recover is to insert both the forgotten and the
deleted material, e.g., by typing `I$}'.

! Missing $ inserted.
<inserted text> 
                $
l.22 
     
I've inserted a begin-math/end-math symbol since I think
you left one out. Proceed, with fingers crossed.

! Missing } inserted.
<inserted text> 
                }
l.22 
     
I've inserted something that you may have forgotten.
(See the <inserted text> above.)
With luck, this will get me unwedged. But if you
really didn't forget anything, try typing `2' now; then
my insertion and my current dilemma will both disappear.


Package acronym Warning: Acronym PCB is not defined on input line 23.


Package acronym Warning: Acronym PIO is not defined on input line 23.


LaTeX Warning: Citation 'vbfc-github' on page 3 undefined on input line 23.


Package acronym Warning: Acronym SPI is not defined on input line 27.


Package acronym Warning: Acronym PCH is not defined on input line 27.


Package acronym Warning: Acronym ME is not defined on input line 27.


Package acronym Warning: Acronym PCH is not defined on input line 27.


Package acronym Warning: Acronym SPI is not defined on input line 30.


Package acronym Warning: Acronym SPI is not defined on input line 30.

) (./sections_full/02_background_related_work.tex [3]

Package acronym Warning: Acronym BIOS is not defined on input line 8.


Package acronym Warning: Acronym UEFI is not defined on input line 8.


Package acronym Warning: Acronym ME is not defined on input line 8.


Package acronym Warning: Acronym PCH is not defined on input line 8.

Package acronym Info: Label `acro:EC' newly defined as it shall be overridden
although it is yet undefined on input line 8.

Package acronym Warning: Acronym EC is not defined on input line 8.


Package acronym Warning: Acronym EC is not defined on input line 8.

Package acronym Info: Label `acro:TPM' newly defined as it shall be overridden
although it is yet undefined on input line 8.

Package acronym Warning: Acronym TPM is not defined on input line 8.


Package acronym Warning: Acronym TPM is not defined on input line 8.


Package acronym Warning: Acronym UEFI is not defined on input line 8.


LaTeX Warning: Citation 'uefi-spec' on page 4 undefined on input line 8.

Package acronym Info: Label `acro:PEI' newly defined as it shall be overridden
although it is yet undefined on input line 8.

Package acronym Warning: Acronym PEI is not defined on input line 8.


Package acronym Warning: Acronym PEI is not defined on input line 8.

Package acronym Info: Label `acro:DXE' newly defined as it shall be overridden
although it is yet undefined on input line 8.

Package acronym Warning: Acronym DXE is not defined on input line 8.


Package acronym Warning: Acronym DXE is not defined on input line 8.

Package acronym Info: Label `acro:BDS' newly defined as it shall be overridden
although it is yet undefined on input line 8.

Package acronym Warning: Acronym BDS is not defined on input line 8.


Package acronym Warning: Acronym BDS is not defined on input line 8.

Package acronym Info: Label `acro:NVRAM' newly defined as it shall be overridde
n
although it is yet undefined on input line 8.

Package acronym Warning: Acronym NVRAM is not defined on input line 8.


Package acronym Warning: Acronym NVRAM is not defined on input line 8.


Package acronym Warning: Acronym UEFI is not defined on input line 10.


Package acronym Warning: Acronym ME is not defined on input line 10.


LaTeX Warning: Citation 'kallenberg2015firmware' on page 4 undefined on input l
ine 10.


LaTeX Warning: Citation 'wormley2018bios' on page 4 undefined on input line 10.



LaTeX Warning: Citation 'kaspersky2022moonbounce' on page 4 undefined on input 
line 10.


LaTeX Warning: Citation 'rutkowska2008evil' on page 4 undefined on input line 1
0.


Package acronym Warning: Acronym TPM is not defined on input line 10.

Package acronym Info: Label `acro:TXT' newly defined as it shall be overridden
although it is yet undefined on input line 10.

Package acronym Warning: Acronym TXT is not defined on input line 10.


Package acronym Warning: Acronym TXT is not defined on input line 10.


LaTeX Warning: Citation 'coreboot' on page 4 undefined on input line 10.


LaTeX Warning: Citation 'insyde-unlock' on page 4 undefined on input line 10.


LaTeX Warning: Citation 'nsa-ant' on page 4 undefined on input line 10.


Package acronym Warning: Acronym TPM is not defined on input line 10.

Package acronym Info: Label `acro:IMA' newly defined as it shall be overridden
although it is yet undefined on input line 10.

Package acronym Warning: Acronym IMA is not defined on input line 10.


Package acronym Warning: Acronym IMA is not defined on input line 10.

Package acronym Info: Label `acro:PCR' newly defined as it shall be overridden
although it is yet undefined on input line 10.

Package acronym Warning: Acronym PCR is not defined on input line 10.


Package acronym Warning: Acronym PCR is not defined on input line 10.


Package acronym Warning: Acronym SMM is not defined on input line 10.


Overfull \hbox (43.30661pt too wide) in paragraph at lines 10--11
[]\T1/cmr/m/n/10.95 (-20) ; (2) \T1/cmr/m/it/10.95 (-20) Bootk-its \T1/cmr/m/n/
10.95 (-20) sub-vert-ing the boot chain be-fore OS load [];
 []


Package acronym Warning: Acronym SPI is not defined on input line 13.


Package acronym Warning: Acronym PCH is not defined on input line 13.


Package acronym Warning: Acronym SPI is not defined on input line 13.


Package acronym Warning: Acronym SPI is not defined on input line 15.


LaTeX Warning: Citation 'spispy' on page 4 undefined on input line 17.


LaTeX Warning: Citation 'fspi' on page 4 undefined on input line 18.


LaTeX Warning: Citation 'spi-flasher' on page 4 undefined on input line 19.


LaTeX Warning: Citation 'glitch-interposer' on page 4 undefined on input line 2
0.


Package acronym Warning: Acronym PIO is not defined on input line 26.


Package acronym Warning: Acronym PIO is not defined on input line 26.

Package acronym Info: Label `acro:CPU' newly defined as it shall be overridden
although it is yet undefined on input line 26.

Package acronym Warning: Acronym CPU is not defined on input line 26.


Package acronym Warning: Acronym CPU is not defined on input line 26.


Package acronym Warning: Acronym PIO is not defined on input line 26.


Package acronym Warning: Acronym PIO is not defined on input line 26.


Package acronym Warning: Acronym SPI is not defined on input line 26.

) (./sections_full/03_threat_model.tex [4]

Package acronym Warning: Acronym HMAC is not defined on input line 14.


Package acronym Warning: Acronym PCH is not defined on input line 15.


Package acronym Warning: Acronym SPI is not defined on input line 15.


Package hyperref Warning: Token not allowed in a PDF string (Unicode):
(hyperref)                removing `math shift' on input line 18.


Package hyperref Warning: Token not allowed in a PDF string (Unicode):
(hyperref)                removing `math shift' on input line 18.

Package acronym Info: Label `acro:DB' newly defined as it shall be overridden
although it is yet undefined on input line 19.

Package acronym Warning: Acronym DB is not defined on input line 19.


Package acronym Warning: Acronym DB is not defined on input line 19.


Package acronym Warning: Acronym SPI is not defined on input line 21.


Package acronym Warning: Acronym SPI is not defined on input line 22.

Package acronym Info: Label `acro:SWD' newly defined as it shall be overridden
although it is yet undefined on input line 23.

Package acronym Warning: Acronym SWD is not defined on input line 23.


Package acronym Warning: Acronym SWD is not defined on input line 23.


Package acronym Warning: Acronym HMAC is not defined on input line 31.

Package acronym Info: Label `acro:OTP' newly defined as it shall be overridden
although it is yet undefined on input line 31.

Package acronym Warning: Acronym OTP is not defined on input line 31.


Package acronym Warning: Acronym OTP is not defined on input line 31.


Package acronym Warning: Acronym HMAC is not defined on input line 32.


Package acronym Warning: Acronym SHA is not defined on input line 32.

Package acronym Info: Label `acro:IBB' newly defined as it shall be overridden
although it is yet undefined on input line 35.

Package acronym Warning: Acronym IBB is not defined on input line 35.


Package acronym Warning: Acronym IBB is not defined on input line 35.


Package acronym Warning: Acronym PCH is not defined on input line 35.

[5]

Package acronym Warning: Acronym PCH is not defined on input line 43.


Package acronym Warning: Acronym SPI is not defined on input line 43.


Package acronym Warning: Acronym PCH is not defined on input line 43.


Package acronym Warning: Acronym SPI is not defined on input line 44.


Package acronym Warning: Acronym PCH is not defined on input line 49.


Package acronym Warning: Acronym ME is not defined on input line 49.


Package acronym Warning: Acronym HMAC is not defined on input line 53.

) (./sections_full/04_system_architecture.tex

Package acronym Warning: Acronym SPI is not defined on input line 37.


! Package xcolor Error: Undefined color `vbfcDarkGray'.

See the xcolor package documentation for explanation.
Type  H <return>  for immediate help.
 ...                                              
                                                  
l.86 ...I Bus (CS\#, SCK, MOSI, MISO)} (vbfc.west)
                                                  ;
Try typing  <return>  to proceed.
If that doesn't work, type  X <return>  to quit.


! Package xcolor Error: Undefined color `vbfcDarkGray'.

See the xcolor package documentation for explanation.
Type  H <return>  for immediate help.
 ...                                              
                                                  
l.86 ...I Bus (CS\#, SCK, MOSI, MISO)} (vbfc.west)
                                                  ;
Try typing  <return>  to proceed.
If that doesn't work, type  X <return>  to quit.


! Package xcolor Error: Undefined color `vbfcDarkGray'.

See the xcolor package documentation for explanation.
Type  H <return>  for immediate help.
 ...                                              
                                                  
l.86 ...I Bus (CS\#, SCK, MOSI, MISO)} (vbfc.west)
                                                  ;
Try typing  <return>  to proceed.
If that doesn't work, type  X <return>  to quit.


! Package xcolor Error: Undefined color `vbfcDarkGray'.

See the xcolor package documentation for explanation.
Type  H <return>  for immediate help.
 ...                                              
                                                  
l.88 ...ash)\end{tabular}} (orig_flash.north west)
                                                  ;
Try typing  <return>  to proceed.
If that doesn't work, type  X <return>  to quit.


! Package xcolor Error: Undefined color `vbfcDarkGray'.

See the xcolor package documentation for explanation.
Type  H <return>  for immediate help.
 ...                                              
                                                  
l.88 ...ash)\end{tabular}} (orig_flash.north west)
                                                  ;
Try typing  <return>  to proceed.
If that doesn't work, type  X <return>  to quit.


! Package xcolor Error: Undefined color `vbfcDarkGray'.

See the xcolor package documentation for explanation.
Type  H <return>  for immediate help.
 ...                                              
                                                  
l.88 ...ash)\end{tabular}} (orig_flash.north west)
                                                  ;
Try typing  <return>  to proceed.
If that doesn't work, type  X <return>  to quit.


! Package xcolor Error: Undefined color `vbfcDarkGray'.

See the xcolor package documentation for explanation.
Type  H <return>  for immediate help.
 ...                                              
                                                  
l.89 ...ccess\end{tabular}} (ext_flash.north east)
                                                  ;
Try typing  <return>  to proceed.
If that doesn't work, type  X <return>  to quit.


! Package xcolor Error: Undefined color `vbfcDarkGray'.

See the xcolor package documentation for explanation.
Type  H <return>  for immediate help.
 ...                                              
                                                  
l.89 ...ccess\end{tabular}} (ext_flash.north east)
                                                  ;
Try typing  <return>  to proceed.
If that doesn't work, type  X <return>  to quit.


! Package xcolor Error: Undefined color `vbfcDarkGray'.

See the xcolor package documentation for explanation.
Type  H <return>  for immediate help.
 ...                                              
                                                  
l.89 ...ccess\end{tabular}} (ext_flash.north east)
                                                  ;
Try typing  <return>  to proceed.
If that doesn't work, type  X <return>  to quit.


! Package xcolor Error: Undefined color `vbfcDarkGray'.

See the xcolor package documentation for explanation.
Type  H <return>  for immediate help.
 ...                                              
                                                  
l.91 ...ar}{c}USB 2.0 FS\end{tabular}} (usb.south)
                                                  ;
Try typing  <return>  to proceed.
If that doesn't work, type  X <return>  to quit.


! Package xcolor Error: Undefined color `vbfcDarkGray'.

See the xcolor package documentation for explanation.
Type  H <return>  for immediate help.
 ...                                              
                                                  
l.91 ...ar}{c}USB 2.0 FS\end{tabular}} (usb.south)
                                                  ;
Try typing  <return>  to proceed.
If that doesn't work, type  X <return>  to quit.


! Package xcolor Error: Undefined color `vbfcDarkGray'.

See the xcolor package documentation for explanation.
Type  H <return>  for immediate help.
 ...                                              
                                                  
l.91 ...ar}{c}USB 2.0 FS\end{tabular}} (usb.south)
                                                  ;
Try typing  <return>  to proceed.
If that doesn't work, type  X <return>  to quit.


! Package xcolor Error: Undefined color `vbfcDarkGray'.

See the xcolor package documentation for explanation.
Type  H <return>  for immediate help.
 ...                                              
                                                  
l.93 ...c}I2C (Backup)\end{tabular}} (eeprom.west)
                                                  ;
Try typing  <return>  to proceed.
If that doesn't work, type  X <return>  to quit.


! Package xcolor Error: Undefined color `vbfcDarkGray'.

See the xcolor package documentation for explanation.
Type  H <return>  for immediate help.
 ...                                              
                                                  
l.93 ...c}I2C (Backup)\end{tabular}} (eeprom.west)
                                                  ;
Try typing  <return>  to proceed.
If that doesn't work, type  X <return>  to quit.


! Package xcolor Error: Undefined color `vbfcDarkGray'.

See the xcolor package documentation for explanation.
Type  H <return>  for immediate help.
 ...                                              
                                                  
l.93 ...c}I2C (Backup)\end{tabular}} (eeprom.west)
                                                  ;
Try typing  <return>  to proceed.
If that doesn't work, type  X <return>  to quit.


! Package xcolor Error: Undefined color `vbfcDarkGray'.

See the xcolor package documentation for explanation.
Type  H <return>  for immediate help.
 ...                                              
                                                  
l.100 ...{tabular}}] (arbiter) at (-12mm, 4mm) {};
                                                  
Try typing  <return>  to proceed.
If that doesn't work, type  X <return>  to quit.


! Package xcolor Error: Undefined color `vbfcDarkGray'.

See the xcolor package documentation for explanation.
Type  H <return>  for immediate help.
 ...                                              
                                                  
l.100 ...{tabular}}] (arbiter) at (-12mm, 4mm) {};
                                                  
Try typing  <return>  to proceed.
If that doesn't work, type  X <return>  to quit.


! Package xcolor Error: Undefined color `vbfcDarkGray'.

See the xcolor package documentation for explanation.
Type  H <return>  for immediate help.
 ...                                              
                                                  
l.100 ...{tabular}}] (arbiter) at (-12mm, 4mm) {};
                                                  
Try typing  <return>  to proceed.
If that doesn't work, type  X <return>  to quit.


! Package xcolor Error: Undefined color `vbfcDarkGray'.

See the xcolor package documentation for explanation.
Type  H <return>  for immediate help.
 ...                                              
                                                  
l.102 ...end{tabular}}] (patch) at (12mm, 4mm) {};
                                                  
Try typing  <return>  to proceed.
If that doesn't work, type  X <return>  to quit.


! Package xcolor Error: Undefined color `vbfcDarkGray'.

See the xcolor package documentation for explanation.
Type  H <return>  for immediate help.
 ...                                              
                                                  
l.102 ...end{tabular}}] (patch) at (12mm, 4mm) {};
                                                  
Try typing  <return>  to proceed.
If that doesn't work, type  X <return>  to quit.


! Package xcolor Error: Undefined color `vbfcDarkGray'.

See the xcolor package documentation for explanation.
Type  H <return>  for immediate help.
 ...                                              
                                                  
l.102 ...end{tabular}}] (patch) at (12mm, 4mm) {};
                                                  
Try typing  <return>  to proceed.
If that doesn't work, type  X <return>  to quit.


! Package xcolor Error: Undefined color `vbfcDarkGray'.

See the xcolor package documentation for explanation.
Type  H <return>  for immediate help.
 ...                                              
                                                  
l.104 ...{tabular}}] (crypto) at (-12mm, -8mm) {};
                                                  
Try typing  <return>  to proceed.
If that doesn't work, type  X <return>  to quit.


! Package xcolor Error: Undefined color `vbfcDarkGray'.

See the xcolor package documentation for explanation.
Type  H <return>  for immediate help.
 ...                                              
                                                  
l.104 ...{tabular}}] (crypto) at (-12mm, -8mm) {};
                                                  
Try typing  <return>  to proceed.
If that doesn't work, type  X <return>  to quit.


! Package xcolor Error: Undefined color `vbfcDarkGray'.

See the xcolor package documentation for explanation.
Type  H <return>  for immediate help.
 ...                                              
                                                  
l.104 ...{tabular}}] (crypto) at (-12mm, -8mm) {};
                                                  
Try typing  <return>  to proceed.
If that doesn't work, type  X <return>  to quit.


! Package xcolor Error: Undefined color `vbfcDarkGray'.

See the xcolor package documentation for explanation.
Type  H <return>  for immediate help.
 ...                                              
                                                  
l.106 ...d{tabular}}] (shadow) at (12mm, -8mm) {};
                                                  
Try typing  <return>  to proceed.
If that doesn't work, type  X <return>  to quit.


! Package xcolor Error: Undefined color `vbfcDarkGray'.

See the xcolor package documentation for explanation.
Type  H <return>  for immediate help.
 ...                                              
                                                  
l.106 ...d{tabular}}] (shadow) at (12mm, -8mm) {};
                                                  
Try typing  <return>  to proceed.
If that doesn't work, type  X <return>  to quit.


! Package xcolor Error: Undefined color `vbfcDarkGray'.

See the xcolor package documentation for explanation.
Type  H <return>  for immediate help.
 ...                                              
                                                  
l.106 ...d{tabular}}] (shadow) at (12mm, -8mm) {};
                                                  
Try typing  <return>  to proceed.
If that doesn't work, type  X <return>  to quit.


! Package xcolor Error: Undefined color `vbfcDarkGray'.

See the xcolor package documentation for explanation.
Type  H <return>  for immediate help.
 ...                                              
                                                  
l.108 ...{tabular}}] (sniffer) at (0mm, -14mm) {};
                                                  
Try typing  <return>  to proceed.
If that doesn't work, type  X <return>  to quit.


! Package xcolor Error: Undefined color `vbfcDarkGray'.

See the xcolor package documentation for explanation.
Type  H <return>  for immediate help.
 ...                                              
                                                  
l.108 ...{tabular}}] (sniffer) at (0mm, -14mm) {};
                                                  
Try typing  <return>  to proceed.
If that doesn't work, type  X <return>  to quit.


! Package xcolor Error: Undefined color `vbfcDarkGray'.

See the xcolor package documentation for explanation.
Type  H <return>  for immediate help.
 ...                                              
                                                  
l.108 ...{tabular}}] (sniffer) at (0mm, -14mm) {};
                                                  
Try typing  <return>  to proceed.
If that doesn't work, type  X <return>  to quit.


Overfull \hbox (48.3392pt too wide) in paragraph at lines 125--126
 [][] 
 []


Package acronym Warning: Acronym SRAM is not defined on input line 132.

Package acronym Info: Label `acro:QSPI' newly defined as it shall be overridden

although it is yet undefined on input line 133.

Package acronym Warning: Acronym QSPI is not defined on input line 133.


Package acronym Warning: Acronym QSPI is not defined on input line 133.

Package acronym Info: Label `acro:MISO' newly defined as it shall be overridden

although it is yet undefined on input line 134.

Package acronym Warning: Acronym MISO is not defined on input line 134.


Package acronym Warning: Acronym MISO is not defined on input line 134.

Package acronym Info: Label `acro:CS' newly defined as it shall be overridden
although it is yet undefined on input line 134.

Package acronym Warning: Acronym CS is not defined on input line 134.


Package acronym Warning: Acronym CS is not defined on input line 134.


Package acronym Warning: Acronym EEPROM is not defined on input line 135.


Package acronym Warning: Acronym PCB is not defined on input line 139.


Package acronym Warning: Acronym SPI is not defined on input line 139.


Package acronym Warning: Acronym PCH is not defined on input line 141.


Package acronym Warning: Acronym PIO is not defined on input line 141.


Package acronym Warning: Acronym PCH is not defined on input line 142.


Package acronym Warning: Acronym PCH is not defined on input line 142.


Package acronym Warning: Acronym PCH is not defined on input line 143.


Package acronym Warning: Acronym PIO is not defined on input line 145.


Package acronym Warning: Acronym PCH is not defined on input line 145.

! Undefined control sequence.
l.148 The shadow map (\appref
                             {app:shadow_map}) is the central data structure...
The control sequence at the end of the top line
of your error message was never \def'ed. If you have
misspelled it (e.g., `\hobx'), type `I' and the correct
spelling (e.g., `I\hbox'). Otherwise just continue,
and I'll forget about whatever was undefined.

! Missing $ inserted.
<inserted text> 
                $
l.148 The shadow map (\appref{app:shadow_
                                         map}) is the central data structure...
I've inserted a begin-math/end-math symbol since I think
you left one out. Proceed, with fingers crossed.

! Extra }, or forgotten $.
l.148 The shadow map (\appref{app:shadow_map}
                                             ) is the central data structure...
I've deleted a group-closing symbol because it seems to be
spurious, as in `$x}$'. But perhaps the } is legitimate and
you forgot something else, as in `\hbox{$x}'. In such cases
the way to recover is to insert both the forgotten and the
deleted material, e.g., by typing `I$}'.


Package acronym Warning: Acronym PCH is not defined on input line 148.

! Missing $ inserted.
<inserted text> 
                $
l.150     \item
                \textbf{ORIGINAL:} Pass-through to the motherboard's BIOS fl...
I've inserted a begin-math/end-math symbol since I think
you left one out. Proceed, with fingers crossed.

! Missing \endgroup inserted.
<inserted text> 
                \endgroup 
l.150     \item
                \textbf{ORIGINAL:} Pass-through to the motherboard's BIOS fl...
I've inserted something that you may have forgotten.
(See the <inserted text> above.)
With luck, this will get me unwedged. But if you
really didn't forget anything, try typing `2' now; then
my insertion and my current dilemma will both disappear.


Overfull \hbox (278.00356pt too wide) in paragraph at lines 148--150
\T1/cmr/m/n/10.95 (-20) The shadow map (app:shadow$[]\OML/cmm/m/it/10.95 ap\OT1
/cmr/m/n/10.95 (-20) )\OML/cmm/m/it/10.95 isthecentraldatastructureenablingtran
sparentfirmwareextension:Itpartitionsthe[][][]slinearaddressspace\OT1/cmr/m/n/1
0.95 (-20) (0 [] \OMS/cmsy/m/n/10.95 ^^@
 []

! Undefined control sequence.
\enit@itemize@i ...\enit@negwidth }\enit@keyfirst 
                                                  \fi 
l.150     \item
                \textbf{ORIGINAL:} Pass-through to the motherboard's BIOS fl...
The control sequence at the end of the top line
of your error message was never \def'ed. If you have
misspelled it (e.g., `\hobx'), type `I' and the correct
spelling (e.g., `I\hbox'). Otherwise just continue,
and I'll forget about whatever was undefined.

[6]

! LaTeX Error: Lonely \item--perhaps a missing list environment.

See the LaTeX manual or LaTeX Companion for explanation.
Type  H <return>  for immediate help.
 ...                                              
                                                  
l.150     \item \textbf
                       {ORIGINAL:} Pass-through to the motherboard's BIOS fl...

Try typing  <return>  to proceed.
If that doesn't work, type  X <return>  to quit.


Underfull \hbox (badness 10000) detected at line 150
[][]
 []


! LaTeX Error: Lonely \item--perhaps a missing list environment.

See the LaTeX manual or LaTeX Companion for explanation.
Type  H <return>  for immediate help.
 ...                                              
                                                  
l.151     \item \textbf
                       {EXTENSION:} Served from the \wq at a specified offse...

Try typing  <return>  to proceed.
If that doesn't work, type  X <return>  to quit.


Underfull \hbox (badness 10000) detected at line 151
[][]
 []


! LaTeX Error: Lonely \item--perhaps a missing list environment.

See the LaTeX manual or LaTeX Companion for explanation.
Type  H <return>  for immediate help.
 ...                                              
                                                  
l.152     \item \textbf
                       {HYBRID:} Base data from extension flash + patch tabl...

Try typing  <return>  to proceed.
If that doesn't work, type  X <return>  to quit.


Underfull \hbox (badness 10000) detected at line 152
[][]
 []

! Undefined control sequence.
\enit@enditemize ->\enit@after 
                               \endlist \ifx \enit@series \relax \else \ifnu...
l.153 \end{itemize}
                   
The control sequence at the end of the top line
of your error message was never \def'ed. If you have
misspelled it (e.g., `\hobx'), type `I' and the correct
spelling (e.g., `I\hbox'). Otherwise just continue,
and I'll forget about whatever was undefined.

! Undefined control sequence.
\enit@enditemize ...x \else \ifnum \enit@resuming 
                                                  =\@ne \enit@setresumekeys ...
l.153 \end{itemize}
                   
The control sequence at the end of the top line
of your error message was never \def'ed. If you have
misspelled it (e.g., `\hobx'), type `I' and the correct
spelling (e.g., `I\hbox'). Otherwise just continue,
and I'll forget about whatever was undefined.

! Missing number, treated as zero.
<to be read again> 
                   =
l.153 \end{itemize}
                   
A number should have been here; I inserted `0'.
(If you can't figure out why I needed to see a number,
look up `weird error' in the index to The TeXbook.)

! Undefined control sequence.
\enit@setresumekeys ...xpandafter {\enit@savekeys 
                                                  }\xdef \enit@afterlist {#2...
l.153 \end{itemize}
                   
The control sequence at the end of the top line
of your error message was never \def'ed. If you have
misspelled it (e.g., `\hobx'), type `I' and the correct
spelling (e.g., `I\hbox'). Otherwise just continue,
and I'll forget about whatever was undefined.

! Undefined control sequence.
\enit@setresumekeys ...it@toks }\ifnum \enit@type 
                                                  =\z@ #3\def \enit@noexcs {...
l.153 \end{itemize}
                   
The control sequence at the end of the top line
of your error message was never \def'ed. If you have
misspelled it (e.g., `\hobx'), type `I' and the correct
spelling (e.g., `I\hbox'). Otherwise just continue,
and I'll forget about whatever was undefined.

! Missing number, treated as zero.
<to be read again> 
                   =
l.153 \end{itemize}
                   
A number should have been here; I inserted `0'.
(If you can't figure out why I needed to see a number,
look up `weird error' in the index to The TeXbook.)

! Undefined control sequence.
<argument> enit@resume@series@\enit@series 
                                           
l.153 \end{itemize}
                   
The control sequence at the end of the top line
of your error message was never \def'ed. If you have
misspelled it (e.g., `\hobx'), type `I' and the correct
spelling (e.g., `I\hbox'). Otherwise just continue,
and I'll forget about whatever was undefined.

! Undefined control sequence.
\enit@setresumekeys ...me@#1}{\csname c@\@listctr 
                                                  \endcsname \the \csname c@...
l.153 \end{itemize}
                   
The control sequence at the end of the top line
of your error message was never \def'ed. If you have
misspelled it (e.g., `\hobx'), type `I' and the correct
spelling (e.g., `I\hbox'). Otherwise just continue,
and I'll forget about whatever was undefined.

! Undefined control sequence.
\enit@setresumekeys ...e \the \csname c@\@listctr 
                                                  \endcsname }\fi }
l.153 \end{itemize}
                   
The control sequence at the end of the top line
of your error message was never \def'ed. If you have
misspelled it (e.g., `\hobx'), type `I' and the correct
spelling (e.g., `I\hbox'). Otherwise just continue,
and I'll forget about whatever was undefined.

! You can't use `\relax' after \the.
<recently read> \c@ 
                    
l.153 \end{itemize}
                   
I'm forgetting what you said and using zero instead.

! Undefined control sequence.
\enit@enditemize ...ist \fi \ifnum \enit@resuming 
                                                  =\thr@@ \enit@setresumekey...
l.153 \end{itemize}
                   
The control sequence at the end of the top line
of your error message was never \def'ed. If you have
misspelled it (e.g., `\hobx'), type `I' and the correct
spelling (e.g., `I\hbox'). Otherwise just continue,
and I'll forget about whatever was undefined.

! Missing number, treated as zero.
<to be read again> 
                   =
l.153 \end{itemize}
                   
A number should have been here; I inserted `0'.
(If you can't figure out why I needed to see a number,
look up `weird error' in the index to The TeXbook.)

! Undefined control sequence.
\enit@setresumekeys ...xpandafter {\enit@savekeys 
                                                  }\xdef \enit@afterlist {#2...
l.153 \end{itemize}
                   
The control sequence at the end of the top line
of your error message was never \def'ed. If you have
misspelled it (e.g., `\hobx'), type `I' and the correct
spelling (e.g., `I\hbox'). Otherwise just continue,
and I'll forget about whatever was undefined.

! Undefined control sequence.
\enit@setresumekeys ...it@toks }\ifnum \enit@type 
                                                  =\z@ #3\def \enit@noexcs {...
l.153 \end{itemize}
                   
The control sequence at the end of the top line
of your error message was never \def'ed. If you have
misspelled it (e.g., `\hobx'), type `I' and the correct
spelling (e.g., `I\hbox'). Otherwise just continue,
and I'll forget about whatever was undefined.

! Missing number, treated as zero.
<to be read again> 
                   =
l.153 \end{itemize}
                   
A number should have been here; I inserted `0'.
(If you can't figure out why I needed to see a number,
look up `weird error' in the index to The TeXbook.)

! Undefined control sequence.
\enit@setresumekeys ...me@#1}{\csname c@\@listctr 
                                                  \endcsname \the \csname c@...
l.153 \end{itemize}
                   
The control sequence at the end of the top line
of your error message was never \def'ed. If you have
misspelled it (e.g., `\hobx'), type `I' and the correct
spelling (e.g., `I\hbox'). Otherwise just continue,
and I'll forget about whatever was undefined.

! Undefined control sequence.
\enit@setresumekeys ...e \the \csname c@\@listctr 
                                                  \endcsname }\fi }
l.153 \end{itemize}
                   
The control sequence at the end of the top line
of your error message was never \def'ed. If you have
misspelled it (e.g., `\hobx'), type `I' and the correct
spelling (e.g., `I\hbox'). Otherwise just continue,
and I'll forget about whatever was undefined.

! You can't use `\relax' after \the.
<recently read> \c@ 
                    
l.153 \end{itemize}
                   
I'm forgetting what you said and using zero instead.


! LaTeX Error: \begin{document} ended by \end{itemize}.

See the LaTeX manual or LaTeX Companion for explanation.
Type  H <return>  for immediate help.
 ...                                              
                                                  
l.153 \end{itemize}
                   
Your command was ignored.
Type  I <command> <return>  to replace it with another command,
or  <return>  to continue without it.

! Missing } inserted.
<inserted text> 
                }
l.153 \end{itemize}
                   
I've inserted something that you may have forgotten.
(See the <inserted text> above.)
With luck, this will get me unwedged. But if you
really didn't forget anything, try typing `2' now; then
my insertion and my current dilemma will both disappear.

! Extra \endgroup.
<recently read> \endgroup 
                          
l.153 \end{itemize}
                   
Things are pretty mixed up, but I think the worst is over.


Package acronym Warning: Acronym PCH is not defined on input line 173.


Package acronym Warning: Acronym SPI is not defined on input line 181.


Package acronym Warning: Acronym PIO is not defined on input line 181.


Package acronym Warning: Acronym PCH is not defined on input line 182.


Package acronym Warning: Acronym SPI is not defined on input line 183.

[7]) (./sections_full/05_spi_arbiter_design.tex

Package acronym Warning: Acronym SPI is not defined on input line 4.


Package hyperref Warning: Token not allowed in a PDF string (Unicode):
(hyperref)                removing `\@ac' on input line 4.


Package acronym Warning: Acronym SPI is not defined on input line 7.


Package acronym Warning: Acronym PIO is not defined on input line 7.


Package acronym Warning: Acronym PCH is not defined on input line 7.


Package acronym Warning: Acronym SPI is not defined on input line 7.


Package acronym Warning: Acronym PIO is not defined on input line 9.


Package hyperref Warning: Token not allowed in a PDF string (Unicode):
(hyperref)                removing `\@ac' on input line 9.


Package acronym Warning: Acronym PIO is not defined on input line 10.


! Package xcolor Error: Undefined color `vbfcDarkGray'.

See the xcolor package documentation for explanation.
Type  H <return>  for immediate help.
 ...                                              
                                                  
l.49 ...bove, labelstyle] {$CS\#\downarrow$} (cmd)
                                                  ;
Try typing  <return>  to proceed.
If that doesn't work, type  X <return>  to quit.


! Package xcolor Error: Undefined color `vbfcDarkGray'.

See the xcolor package documentation for explanation.
Type  H <return>  for immediate help.
 ...                                              
                                                  
l.49 ...bove, labelstyle] {$CS\#\downarrow$} (cmd)
                                                  ;
Try typing  <return>  to proceed.
If that doesn't work, type  X <return>  to quit.


! Package xcolor Error: Undefined color `vbfcDarkGray'.

See the xcolor package documentation for explanation.
Type  H <return>  for immediate help.
 ...                                              
                                                  
l.49 ...bove, labelstyle] {$CS\#\downarrow$} (cmd)
                                                  ;
Try typing  <return>  to proceed.
If that doesn't work, type  X <return>  to quit.


! Package xcolor Error: Undefined color `vbfcDarkGray'.

See the xcolor package documentation for explanation.
Type  H <return>  for immediate help.
 ...                                              
                                                  
l.52 ...c) -- +(0,-10mm) node[below, labelstyle] {
                                                  Write/Erase$\to$ Passthrou...

Try typing  <return>  to proceed.
If that doesn't work, type  X <return>  to quit.


! Package xcolor Error: Undefined color `vbfcDarkGray'.

See the xcolor package documentation for explanation.
Type  H <return>  for immediate help.
 ...                                              
                                                  
l.52 ...c) -- +(0,-10mm) node[below, labelstyle] {
                                                  Write/Erase$\to$ Passthrou...

Try typing  <return>  to proceed.
If that doesn't work, type  X <return>  to quit.


! Package xcolor Error: Undefined color `vbfcDarkGray'.

See the xcolor package documentation for explanation.
Type  H <return>  for immediate help.
 ...                                              
                                                  
l.52 ...belstyle] {Write/Erase$\to$ Passthrough} (
                                                  done);
Try typing  <return>  to proceed.
If that doesn't work, type  X <return>  to quit.


! Package xcolor Error: Undefined color `vbfcDarkGray'.

See the xcolor package documentation for explanation.
Type  H <return>  for immediate help.
 ...                                              
                                                  
l.61 ... left, labelstyle] {$CS\#\uparrow$} (idle)
                                                  ;
Try typing  <return>  to proceed.
If that doesn't work, type  X <return>  to quit.


! Package xcolor Error: Undefined color `vbfcDarkGray'.

See the xcolor package documentation for explanation.
Type  H <return>  for immediate help.
 ...                                              
                                                  
l.61 ... left, labelstyle] {$CS\#\uparrow$} (idle)
                                                  ;
Try typing  <return>  to proceed.
If that doesn't work, type  X <return>  to quit.


! Package xcolor Error: Undefined color `vbfcDarkGray'.

See the xcolor package documentation for explanation.
Type  H <return>  for immediate help.
 ...                                              
                                                  
l.61 ... left, labelstyle] {$CS\#\uparrow$} (idle)
                                                  ;
Try typing  <return>  to proceed.
If that doesn't work, type  X <return>  to quit.


! Package xcolor Error: Undefined color `vbfcDarkGray'.

See the xcolor package documentation for explanation.
Type  H <return>  for immediate help.
 ...                                              
                                                  
l.65 ...nchor=north west] at (hybrid.south east) {
                                                  
Try typing  <return>  to proceed.
If that doesn't work, type  X <return>  to quit.


! Package xcolor Error: Undefined color `vbfcDarkGray'.

See the xcolor package documentation for explanation.
Type  H <return>  for immediate help.
 ...                                              
                                                  
l.65 ...nchor=north west] at (hybrid.south east) {
                                                  
Try typing  <return>  to proceed.
If that doesn't work, type  X <return>  to quit.


! Package xcolor Error: Undefined color `vbfcDarkGray'.

See the xcolor package documentation for explanation.
Type  H <return>  for immediate help.
 ...                                              
                                                  
l.72 };
       
Try typing  <return>  to proceed.
If that doesn't work, type  X <return>  to quit.


Overfull \hbox (393.03993pt too wide) in paragraph at lines 74--75
 [][] 
 []


Package acronym Warning: Acronym SPI is not defined on input line 75.


Package acronym Warning: Acronym SPI is not defined on input line 75.


Package acronym Warning: Acronym PCH is not defined on input line 80.


Package acronym Warning: Acronym SPI is not defined on input line 80.


Package acronym Warning: Acronym SPI is not defined on input line 83.


Package acronym Warning: Acronym SPI is not defined on input line 83.


Overfull \hbox (3.25156pt too wide) in paragraph at lines 85--100
 [][] 
 []


LaTeX Warning: `h' float specifier changed to `ht'.


Package acronym Warning: Acronym SRAM is not defined on input line 105.


Package acronym Warning: Acronym SRAM is not defined on input line 108.

[8]
Package hyperref Info: bookmark level for unknown lstlisting defaults to 0 on i
nput line 117.
 [9]

Package acronym Warning: Acronym SRAM is not defined on input line 145.


Package acronym Warning: Acronym SRAM is not defined on input line 148.

) (./sections_full/06_security_architecture.tex

Package acronym Warning: Acronym PCH is not defined on input line 7.


Package acronym Warning: Acronym HMAC is not defined on input line 7.


Package acronym Warning: Acronym SHA is not defined on input line 7.

! Undefined control sequence.
l.10 ...fixed by a 256-byte signed header (\appref
                                                  {app:signed_header}, \figr...
The control sequence at the end of the top line
of your error message was never \def'ed. If you have
misspelled it (e.g., `\hobx'), type `I' and the correct
spelling (e.g., `I\hbox'). Otherwise just continue,
and I'll forget about whatever was undefined.

! Missing $ inserted.
<inserted text> 
                $
l.10 ...56-byte signed header (\appref{app:signed_
                                                  header}, \figref{fig:signe...
I've inserted a begin-math/end-math symbol since I think
you left one out. Proceed, with fingers crossed.

! Extra }, or forgotten $.
l.10 ... signed header (\appref{app:signed_header}
                                                  , \figref{fig:signed_heade...
I've deleted a group-closing symbol because it seems to be
spurious, as in `$x}$'. But perhaps the } is legitimate and
you forgot something else, as in `\hbox{$x}'. In such cases
the way to recover is to insert both the forgotten and the
deleted material, e.g., by typing `I$}'.

! Missing $ inserted.
<inserted text> 
                $
l.11 
     
I've inserted a begin-math/end-math symbol since I think
you left one out. Proceed, with fingers crossed.


Overfull \hbox (481.3284pt too wide) in paragraph at lines 10--11
\T1/cmr/m/n/10.95 (-20) Each firmware im-age in the ex-ten-sion flash is pre-fi
xed by a 256-byte signed header (app:signed$[]\OML/cmm/m/it/10.95 eader; Figure
 []\OT1/cmr/m/n/10.95 (-20) )\OML/cmm/m/it/10.95 :Theheaderbindstheimagetothepr
ovisioningauthorityandenforcesversionmonotonicity:$ 
 []


! Package tikz Error: You need to say \usetikzlibrary{patterns}.

See the tikz package documentation for explanation.
Type  H <return>  for immediate help.
 ...                                              
                                                  
l.65 ...rvedbox, minimum width=60mm, below=of fl4]
                                                   (fl6) {Public Key (ECDSA-...
This error message was generated by an \errmessage
command, so I can't give any explicit help.
Pretend that you're Hercule Poirot: Examine all clues,
and deduce the truth by order and method.


! Package tikz Error: You need to say \usetikzlibrary{patterns}.

See the tikz package documentation for explanation.
Type  H <return>  for immediate help.
 ...                                              
                                                  
l.65 ...rvedbox, minimum width=60mm, below=of fl4]
                                                   (fl6) {Public Key (ECDSA-...
(That was another \errmessage.)


! Package tikz Error: You need to say \usetikzlibrary{patterns}.

See the tikz package documentation for explanation.
Type  H <return>  for immediate help.
 ...                                              
                                                  
l.67 ...rvedbox, minimum width=60mm, below=of fl6]
                                                   (fl8) {ECDSA Signature (P...
(That was another \errmessage.)


! Package tikz Error: You need to say \usetikzlibrary{patterns}.

See the tikz package documentation for explanation.
Type  H <return>  for immediate help.
 ...                                              
                                                  
l.67 ...rvedbox, minimum width=60mm, below=of fl6]
                                                   (fl8) {ECDSA Signature (P...
(That was another \errmessage.)


Package acronym Warning: Acronym OTP is not defined on input line 77.


Package acronym Warning: Acronym OTP is not defined on input line 77.


Package acronym Warning: Acronym SHA is not defined on input line 77.


Overfull \hbox (0.63185pt too wide) in paragraph at lines 78--79
[]\T1/cmr/bx/n/10.95 (-20) Verification: \T1/cmr/m/n/10.95 (-20) On boot, the a
r-biter firmware reads the header, com-putes $[][]\OT1/cmr/m/n/10.95 (-20) ([])
$\T1/cmr/m/n/10.95 (-20) ,
 []


Package acronym Warning: Acronym OTP is not defined on input line 79.


Package acronym Warning: Acronym EEPROM is not defined on input line 79.

[10]
Package acronym Info: Label `acro:AES' newly defined as it shall be overridden
although it is yet undefined on input line 88.


Package acronym Warning: Acronym AES is not defined on input line 88.


Package acronym Warning: Acronym AES is not defined on input line 88.


Package acronym Warning: Acronym OTP is not defined on input line 95.


Overfull \hbox (1.80304pt too wide) in paragraph at lines 106--117
 [][] 
 []

[11]) (./sections_full/07_implementation.tex

Package acronym Warning: Acronym PIO is not defined on input line 8.


Package acronym Warning: Acronym PIO is not defined on input line 8.


Package acronym Warning: Acronym SPI is not defined on input line 10.


Package acronym Warning: Acronym PIO is not defined on input line 10.


Package acronym Warning: Acronym QSPI is not defined on input line 11.


Package acronym Warning: Acronym PIO is not defined on input line 15.


Package acronym Warning: Acronym SHA is not defined on input line 24.

[12]
LaTeX Font Info:    Font shape `T1/cmtt/bx/n' in size <12> not available
(Font)              Font shape `T1/cmtt/m/n' tried instead on input line 69.
 [13]

Package acronym Warning: Acronym PCB is not defined on input line 137.


Package acronym Warning: Acronym SPI is not defined on input line 137.


LaTeX Warning: Citation 'vbfc-github' on page 14 undefined on input line 137.

) (./sections_full/08_evaluation.tex [14]

Package acronym Warning: Acronym BIOS is not defined on input line 20.


Package acronym Warning: Acronym ME is not defined on input line 40.


Package acronym Warning: Acronym ME is not defined on input line 40.


Package acronym Warning: Acronym ME is not defined on input line 40.


Package acronym Warning: Acronym PCH is not defined on input line 40.


Package acronym Warning: Acronym ME is not defined on input line 40.


Package acronym Warning: Acronym UEFI is not defined on input line 43.


Package acronym Warning: Acronym PCH is not defined on input line 43.


Package acronym Warning: Acronym PCH is not defined on input line 63.


Package acronym Warning: Acronym SPI is not defined on input line 66.

[15]

Package acronym Warning: Acronym UEFI is not defined on input line 99.


Package acronym Warning: Acronym PCH is not defined on input line 101.


Package acronym Warning: Acronym PCH is not defined on input line 104.


Package acronym Warning: Acronym PCH is not defined on input line 104.

[16]) (./sections_full/09_discussion_future_work.tex

Package acronym Warning: Acronym PCH is not defined on input line 10.


Package acronym Warning: Acronym PCH is not defined on input line 10.


Package acronym Warning: Acronym SPI is not defined on input line 10.


Package acronym Warning: Acronym ME is not defined on input line 10.


Package acronym Warning: Acronym UEFI is not defined on input line 10.


Package acronym Warning: Acronym PCH is not defined on input line 13.


Package acronym Warning: Acronym SPI is not defined on input line 13.


Package acronym Warning: Acronym PIO is not defined on input line 13.

[17]

Package acronym Warning: Acronym SPI is not defined on input line 29.


Package acronym Warning: Acronym SPI is not defined on input line 32.


Package acronym Warning: Acronym TPM is not defined on input line 44.


Package acronym Warning: Acronym ME is not defined on input line 47.


Package acronym Warning: Acronym PCR is not defined on input line 50.


Package acronym Warning: Acronym TPM is not defined on input line 50.


Package acronym Warning: Acronym IMA is not defined on input line 50.

[18]) (./sections_full/10_conclusion.tex

Package acronym Warning: Acronym vbfc is not defined on input line 7.


Package acronym Warning: Acronym vbfc is not defined on input line 7.


Package acronym Warning: Acronym SPI is not defined on input line 7.


Package acronym Warning: Acronym SPI is not defined on input line 7.


Package acronym Warning: Acronym PIO is not defined on input line 7.


Package acronym Warning: Acronym HMAC is not defined on input line 7.


Package acronym Warning: Acronym SHA is not defined on input line 7.


Package acronym Warning: Acronym SPI is not defined on input line 7.


Package acronym Warning: Acronym BIOS is not defined on input line 9.


Package acronym Warning: Acronym ME is not defined on input line 9.


Package acronym Warning: Acronym SPI is not defined on input line 9.

)
Overfull \hbox (139.52675pt too wide) in paragraph at lines 23--202
[]\T1/cmr/m/n/10.95 (-20) This work is li-censed un-der the MIT Li-cense. See [
][]$\T1/cmtt/m/n/10.95 https : / / github . com / SowinySoft / Virtual-[]Bios-[
]Firmware-[]Controller$[][]
 []


LaTeX Warning: Empty bibliography on input line 204.

(./appendix_full/a_signed_image_header.tex
Overfull \hbox (147.08049pt too wide) in alignment at lines 10--16
 [] [] [] [] 
 []


Overfull \hbox (147.08049pt too wide) in alignment at lines 16--21
 [] [] [] [] 
 []


Overfull \hbox (147.08049pt too wide) in alignment at lines 21--24
 [] [] [] [] 
 []


Overfull \hbox (147.08049pt too wide) in alignment at lines 24--26
 [] [] [] [] 
 []


Overfull \hbox (147.08049pt too wide) in alignment at lines 26--37
 [] [] [] [] 
 []

[19]) (./appendix_full/b_shadow_map_format.tex

Package acronym Warning: Acronym PCH is not defined on input line 7.

[20] [21]) (./appendix_full/c_host_toolchain_api.tex [22] [23] [24])
(./appendix_full/d_hardware_bom_schematics.tex
Underfull \hbox (badness 4266) in paragraph at lines 27--28
[]|\T1/cmr/m/n/10.95 (+20) SPDT ana-log switch,
 []


Underfull \hbox (badness 5667) in paragraph at lines 32--33
[]|\T1/cmr/m/n/10.95 (+20) Decoupling (U2, U3,
 []


Underfull \hbox (badness 10000) in paragraph at lines 44--45
[]|\T1/cmr/m/n/10.95 (+20) RP2040 XOSC (op-
 []


Underfull \hbox (badness 10000) in paragraph at lines 44--45
\T1/cmr/m/n/10.95 (+20) tional, USB needs
 []


Underfull \hbox (badness 10000) in paragraph at lines 45--46
[]|\T1/cmr/m/n/10.95 (+20) 4-layer, 50x30mm,
 []

[25] [26] [27]) (./appendix_full/e_real_hardware_test_phase.tex
Overfull \hbox (27.7655pt too wide) in paragraph at lines 20--30
 [][] 
 []

[28] [29]
LaTeX Font Info:    Font shape `T1/cmtt/bx/n' in size <10.95> not available
(Font)              Font shape `T1/cmtt/m/n' tried instead on input line 139.
 [30] [31] [32]
Overfull \hbox (57.56834pt too wide) in paragraph at lines 361--373
 [][] 
 []

) [33]
! Missing $ inserted.
<inserted text> 
                $
l.229 \textbf{Key Files:} scripts/vbfc_
                                       fpga_arbiter.v (Verilog FSM), scripts...
I've inserted a begin-math/end-math symbol since I think
you left one out. Proceed, with fingers crossed.

! Missing $ inserted.
<inserted text> 
                $
l.230 
      
I've inserted a begin-math/end-math symbol since I think
you left one out. Proceed, with fingers crossed.


Overfull \hbox (516.05682pt too wide) in paragraph at lines 229--230
[]\T1/cmr/bx/n/10.95 (-20) Key Files: \T1/cmr/m/n/10.95 (-20) scripts/vbfc$[]\O
ML/cmm/m/it/10.95 pga[]rbiter:v\OT1/cmr/m/n/10.95 (-20) (\OML/cmm/m/it/10.95 Ve
rilogFSM\OT1/cmr/m/n/10.95 (-20) )\OML/cmm/m/it/10.95 ; scripts=tb[]bfc[]pi[]rb
iter:v\OT1/cmr/m/n/10.95 (-20) (\OML/cmm/m/it/10.95 testbench\OT1/cmr/m/n/10.95
 (-20) )\OML/cmm/m/it/10.95 ; scripts=property[]hecker:sv\OT1/cmr/m/n/10.95 (-2
0) (\OML/cmm/m/it/10.95 SVAproperties\OT1/cmr/m/n/10.95 (-20) )\OML/cmm/m/it/10
.95 ; docs=vbfc[]pga=integration:md\OT1/cmr/m/n/10.95 (-20) (\OML/cmm/m/it/10.9
5 Wishbonebridgearchitecture\OT1/cmr/m/n/10.95 (-20) )\OML/cmm/m/it/10.95 :$ 
 []

! Missing $ inserted.
<inserted text> 
                $
l.236 \textbf{Key Files:} docs/vbfc_
                                    phaseb/README.md.
I've inserted a begin-math/end-math symbol since I think
you left one out. Proceed, with fingers crossed.

! Missing $ inserted.
<inserted text> 
                $
l.237 
      
I've inserted a begin-math/end-math symbol since I think
you left one out. Proceed, with fingers crossed.

! Missing $ inserted.
<inserted text> 
                $
l.250 \textbf{Key Files:} docs/vbfc_
                                    attestation/README.md.
I've inserted a begin-math/end-math symbol since I think
you left one out. Proceed, with fingers crossed.

! Missing $ inserted.
<inserted text> 
                $
l.251 
      
I've inserted a begin-math/end-math symbol since I think
you left one out. Proceed, with fingers crossed.

[34]
! Missing $ inserted.
<inserted text> 
                $
l.264 \textbf{Key Files:} docs/vbfc_
                                    autopatch/README.md.
I've inserted a begin-math/end-math symbol since I think
you left one out. Proceed, with fingers crossed.

! Missing $ inserted.
<inserted text> 
                $
l.265 
      
I've inserted a begin-math/end-math symbol since I think
you left one out. Proceed, with fingers crossed.

! Missing $ inserted.
<inserted text> 
                $
l.267 ...o include PCR measurements (TPM 2.0 TPM2_
                                                  Extend or IMA hooks) so th...
I've inserted a begin-math/end-math symbol since I think
you left one out. Proceed, with fingers crossed.

! Missing $ inserted.
<inserted text> 
                $
l.268 
      
I've inserted a begin-math/end-math symbol since I think
you left one out. Proceed, with fingers crossed.


Overfull \hbox (318.61034pt too wide) in paragraph at lines 267--268
\T1/cmr/bx/n/10.95 (-20) Purpose: \T1/cmr/m/n/10.95 (-20) Ex-tend VBFC to in-cl
ude PCR mea-sure-ments (TPM 2.0 TPM2$[]\OML/cmm/m/it/10.95 xtendorIMAhooks\OT1/
cmr/m/n/10.95 (-20) )\OML/cmm/m/it/10.95 sotheactivefirmwareimageandpatchsetare
includedinthemeasured \OMS/cmsy/m/n/10.95 ^^@
 []

! Missing $ inserted.
<inserted text> 
                $
l.278 \textbf{Key Files:} docs/vbfc_
                                    tpm/README.md.
I've inserted a begin-math/end-math symbol since I think
you left one out. Proceed, with fingers crossed.

! Missing $ inserted.
<inserted text> 
                $
l.279 
      
I've inserted a begin-math/end-math symbol since I think
you left one out. Proceed, with fingers crossed.


Package acronym Warning: Acronym PIO is not defined on input line 281.

! Extra alignment tab has been changed to \cr.
<recently read> \endtemplate 
                             
l.294 ...f{Signal} & \rp2040 GPIO & \rp2350 GPIO &
                                                   \textbf{Notes} \\
You have given more \span or & marks than there were
in the preamble to the \halign or \valign now in progress.
So I'll assume that you meant to type \cr instead.

! Extra alignment tab has been changed to \cr.
<recently read> \endtemplate 
                             
l.295   SPI CS0 & 0 & 1 &
                          \\
You have given more \span or & marks than there were
in the preamble to the \halign or \valign now in progress.
So I'll assume that you meant to type \cr instead.

! Extra alignment tab has been changed to \cr.
<recently read> \endtemplate 
                             
l.296   SPI SCK & 1 & 2 &
                          \\
You have given more \span or & marks than there were
in the preamble to the \halign or \valign now in progress.
So I'll assume that you meant to type \cr instead.

! Extra alignment tab has been changed to \cr.
<recently read> \endtemplate 
                             
l.297   SPI MOSI & 2 & 3 &
                           \\
You have given more \span or & marks than there were
in the preamble to the \halign or \valign now in progress.
So I'll assume that you meant to type \cr instead.

! Extra alignment tab has been changed to \cr.
<recently read> \endtemplate 
                             
l.298   SPI MISO & 4 & 4 &
                           \\
You have given more \span or & marks than there were
in the preamble to the \halign or \valign now in progress.
So I'll assume that you meant to type \cr instead.

! Extra alignment tab has been changed to \cr.
<recently read> \endtemplate 
                             
l.299   MUX SEL & 5 & 5 &
                          \\
You have given more \span or & marks than there were
in the preamble to the \halign or \valign now in progress.
So I'll assume that you meant to type \cr instead.

! Extra alignment tab has been changed to \cr.
<recently read> \endtemplate 
                             
l.300   EEPROM WP & 6 & 6 &
                            \\
You have given more \span or & marks than there were
in the preamble to the \halign or \valign now in progress.
So I'll assume that you meant to type \cr instead.

! Extra alignment tab has been changed to \cr.
<recently read> \endtemplate 
                             
l.301   USB D+ & 24 & 7 &
                          \\
You have given more \span or & marks than there were
in the preamble to the \halign or \valign now in progress.
So I'll assume that you meant to type \cr instead.

! Extra alignment tab has been changed to \cr.
<recently read> \endtemplate 
                             
l.302   USB D- & 25 & 8 &
                          \\
You have given more \span or & marks than there were
in the preamble to the \halign or \valign now in progress.
So I'll assume that you meant to type \cr instead.

! Extra alignment tab has been changed to \cr.
<recently read> \endtemplate 
                             
l.303   DEBUG LED & 26 & 9 &
                             \\
You have given more \span or & marks than there were
in the preamble to the \halign or \valign now in progress.
So I'll assume that you meant to type \cr instead.


Overfull \hbox (37.38574pt too wide) in paragraph at lines 292--305
[]\T1/cmr/bx/n/10.95 (-20) GPIO Map (RP2350 vs RP2040): [] 
 []

[35]
! Missing $ inserted.
<inserted text> 
                $
l.310   \item Update docs/vbfc_
                               paper_full/sections_full/07_implementation.te...
I've inserted a begin-math/end-math symbol since I think
you left one out. Proceed, with fingers crossed.


! LaTeX Error: Command \item invalid in math mode.

See the LaTeX manual or LaTeX Companion for explanation.
Type  H <return>  for immediate help.
 ...                                              
                                                  
l.311   \item
              Add docs/vbfc_rp2350_rev2/hardware_spec.md with full schematic...

Try typing  <return>  to proceed.
If that doesn't work, type  X <return>  to quit.

! Missing $ inserted.
<inserted text> 
                $
l.311   \item A
               dd docs/vbfc_rp2350_rev2/hardware_spec.md with full schematic...
I've inserted a begin-math/end-math symbol since I think
you left one out. Proceed, with fingers crossed.

! Missing $ inserted.
<inserted text> 
                $
l.311   \item Add docs/vbfc_
                            rp2350_rev2/hardware_spec.md with full schematic...
I've inserted a begin-math/end-math symbol since I think
you left one out. Proceed, with fingers crossed.


! LaTeX Error: Command \item invalid in math mode.

See the LaTeX manual or LaTeX Companion for explanation.
Type  H <return>  for immediate help.
 ...                                              
                                                  
l.312   \item
              Benchmark OPI read latency vs RP2040 QSPI (expected: 2--3$\tim...

Try typing  <return>  to proceed.
If that doesn't work, type  X <return>  to quit.

! Missing $ inserted.
<inserted text> 
                $
l.312   \item B
               enchmark OPI read latency vs RP2040 QSPI (expected: 2--3$\tim...
I've inserted a begin-math/end-math symbol since I think
you left one out. Proceed, with fingers crossed.


Overfull \hbox (20.98042pt too wide) in paragraph at lines 315--316
[]\T1/cmr/bx/n/10.95 (-20) Links: \T1/cmr/m/n/10.95 (-20) RP2350 Datasheet: [][
]$\T1/cmtt/m/n/10.95 https : / / www . raspberrypi . com / documentation / micr
ocontrollers .
 []

[36] (./vbfc_paper_full_cases.aux)
 ***********
LaTeX2e <2026-06-01>
L3 programming layer <2026-07-20>
 ***********


LaTeX Warning: There were undefined references.


Package rerunfilecheck Warning: File `vbfc_paper_full_cases.out' has changed.
(rerunfilecheck)                Rerun to get outlines right
(rerunfilecheck)                or use package `bookmark'.

Package rerunfilecheck Info: Checksums for `vbfc_paper_full_cases.out':
(rerunfilecheck)             Before: A4AAE8C06B6A9E36E2532786B6251A19;19015
(rerunfilecheck)             After:  FC09885BF6B3593D6966545C2A8D7A02;20963.

Package biblatex Warning: Please (re)run Biber on the file:
(biblatex)                vbfc_paper_full_cases
(biblatex)                and rerun LaTeX afterwards.

Package logreq Info: Writing requests to 'vbfc_paper_full_cases.run.xml'.
\openout1 = `vbfc_paper_full_cases.run.xml'.

 )
(\end occurred inside a group at level 1)

### simple group (level 1) entered at line 10 ({)
### bottom level 
Here is how much of TeX's memory you used:
 62002 strings out of 468292
 1389689 string characters out of 5436569
 2416788 words of memory out of 5000000
 89414 multiletter control sequences out of 15000+600000
 667187 words of font info for 268 fonts, out of 8000000 for 9000
 430 hyphenation exceptions out of 8191
 92i,19n,94p,2510b,3478s stack positions out of 10000i,1000n,20000p,200000b,200000s

pdfTeX warning (dest): name{glo:mux} has been referenced but does not exist, re
placed by a fixed one


pdfTeX warning (dest): name{glo:w25q128} has been referenced but does not exist
, replaced by a fixed one


pdfTeX warning (dest): name{glo:rp2040} has been referenced but does not exist,
 replaced by a fixed one


pdfTeX warning (dest): name{glo:vbfc} has been referenced but does not exist, r
eplaced by a fixed one

<c:/texlive/texmf-dist/fonts/type1/public/amsfonts/cm/cmmi10.pfb><c:/texlive/te
xmf-dist/fonts/type1/public/amsfonts/cm/cmmi6.pfb><c:/texlive/texmf-dist/fonts/
type1/public/amsfonts/cm/cmmi8.pfb><c:/texlive/texmf-dist/fonts/type1/public/am
sfonts/cm/cmmi9.pfb><c:/texlive/texmf-dist/fonts/type1/public/amsfonts/cm/cmr10
.pfb><c:/texlive/texmf-dist/fonts/type1/public/amsfonts/cm/cmr6.pfb><c:/texlive
/texmf-dist/fonts/type1/public/amsfonts/cm/cmr8.pfb><c:/texlive/texmf-dist/font
s/type1/public/amsfonts/cm/cmr9.pfb><c:/texlive/texmf-dist/fonts/type1/public/a
msfonts/cm/cmsy10.pfb><c:/texlive/texmf-dist/fonts/type1/public/amsfonts/cm/cms
y8.pfb><c:/texlive/texmf-dist/fonts/type1/public/amsfonts/cm/cmsy9.pfb><c:/texl
ive/texmf-dist/fonts/type1/public/amsfonts/symbols/msam10.pfb><c:/texlive/texmf
-dist/fonts/type1/public/cm-super/sfbi1000.pfb><c:/texlive/texmf-dist/fonts/typ
e1/public/cm-super/sfbx0800.pfb><c:/texlive/texmf-dist/fonts/type1/public/cm-su
per/sfbx0900.pfb><c:/texlive/texmf-dist/fonts/type1/public/cm-super/sfbx1000.pf
b><c:/texlive/texmf-dist/fonts/type1/public/cm-super/sfbx1095.pfb><c:/texlive/t
exmf-dist/fonts/type1/public/cm-super/sfbx1200.pfb><c:/texlive/texmf-dist/fonts
/type1/public/cm-super/sfbx1440.pfb><c:/texlive/texmf-dist/fonts/type1/public/c
m-super/sfbx1728.pfb><c:/texlive/texmf-dist/fonts/type1/public/cm-super/sfrm060
0.pfb><c:/texlive/texmf-dist/fonts/type1/public/cm-super/sfrm0800.pfb><c:/texli
ve/texmf-dist/fonts/type1/public/cm-super/sfrm0900.pfb><c:/texlive/texmf-dist/f
onts/type1/public/cm-super/sfrm1000.pfb><c:/texlive/texmf-dist/fonts/type1/publ
ic/cm-super/sfrm1095.pfb><c:/texlive/texmf-dist/fonts/type1/public/cm-super/sfr
m1200.pfb><c:/texlive/texmf-dist/fonts/type1/public/cm-super/sfrm1728.pfb><c:/t
exlive/texmf-dist/fonts/type1/public/cm-super/sfti1095.pfb><c:/texlive/texmf-di
st/fonts/type1/public/cm-super/sfti1200.pfb><c:/texlive/texmf-dist/fonts/type1/
public/cm-super/sftt0900.pfb><c:/texlive/texmf-dist/fonts/type1/public/cm-super
/sftt1000.pfb><c:/texlive/texmf-dist/fonts/type1/public/cm-super/sftt1095.pfb><
c:/texlive/texmf-dist/fonts/type1/public/cm-super/sftt1200.pfb>
Output written on vbfc_paper_full_cases.pdf (36 pages, 790191 bytes).
PDF statistics:
 1394 PDF objects out of 1440 (max. 8388607)
 1257 compressed objects within 13 object streams
 551 named destinations out of 1000 (max. 500000)
 75605 words of extra memory for PDF output out of 89155 (max. 10000000)

